Plant_accepted_name,flw_shape,flw_shape_revised,lifeform
Abelia chinensis,stalk disk flower,stalk disk flowers,
Abutilon indicum,disk flower open,disk flowers open,
Abutilon theophrasti,disk flower open,pollen flowers,
Acer,#N/A,disk flowers open,
Acer campestre,pollen flower,disk flowers open,
Acer pseudoplatanus,pollen flower,disk flowers open,
Achillea,flower head,flower head,
Achillea atrata,flower head,flower head,
Achillea clavennae,flower head,flower head,
Achillea collina,flower heads,flower head,
Achillea decolorans,#N/A,flower head,
Achillea distans,flower head,flower head,
Achillea filipendulina,flower head,flower head,
Achillea millefolium,flower head,flower head,
Achillea pannonica,flower heads,flower head,
Achillea ptarmica,flower head,flower head,
Achillea setacea,flower heads,flower head,
Acinos alpinus,true lip flowers,lip flowers,
Acis trichophylla,#N/A,funnel flowers,
Aconitum degenii,lip flower,lip flowers,
Aconitum lycoctonum,lip flower,lip flowers,
Aconitum napellus,lip flower,lip flowers,
Aconitum variegatum,lip flowers,lip flowers,
Aconitum vulparia,#N/A,lip flowers,
Adenostyles alliariae,flower head,flower head,
Adenostyles alpina,flower head,flower head,
Adenostyles glabra,flower heads,flower head,
Adonis aestivalis,pollen flower,pollen flowers,
Adonis annua,pollen flower,pollen flowers,
Adonis vernalis,pollen flower,pollen flowers,
Aegopodium podagraria,disk flower open,disk flowers open,
Aesculus carnea,lip flower,lip flowers,
Aesculus hippocastanum,lip flower,lip flowers,
Aesculus parviflora,lip flower,lip flowers,
Aesculus sylvatica,#N/A,lip flowers,
Aetheorhiza bulbosa,#N/A,flower head,
Aethusa cynapium,disk flower open,disk flowers open,
Agapanthus,funnel flower,funnel flowers,
Agastache urticifolia,brush flower,brush flowers,
Ageratum houstonianum,pollen flower,pollen flowers,
Agoseris hirsuta,#N/A,flower head,
Agrimonia eupatoria,pollen flower,pollen flowers,
Agrimonia eupatorium,#N/A,pollen flowers,
Agrostemma githago,stalk disc flowers,stalk disk flowers,
Agrostis alpina,not applicable,wind flowers,grass
Agrostis capillaris,not applicable,wind flowers,grass
Agrostis schleicheri,not applicable,wind flowers,grass
Ajuga chamaepitys,true lip flowers,lip flowers,
Ajuga pyramidalis,lip flower,lip flowers,
Ajuga reptans,lip flower,lip flowers,
Albuca bracteata,pollen flower,pollen flowers,
Alcea biennis,funnel flower,funnel flowers,
Alcea rosea,funnel flower,disk flowers hidden,
Alchemilla,disk flower open,disk flowers open,
Alchemilla conjuncta,#N/A,disk flowers open,
Alchemilla mollis,disk flowers with nectar open,disk flowers open,
Alchemilla vulgaris,disk flower open,disk flowers open,
Alchemilla xanthochlora,disk flowers with nectar open,disk flowers open,
Alkanna tinctoria,bell flower,bell flowers,
Alliaria petiolata,stalk disk flower,disk flowers hidden,
Allium,#N/A,disk flowers hidden,
Allium ampeloprasum,disk flowers with nectar ± hidden nectaries at or in ovary,disk flowers hidden,
Allium atropurpureum,disk flower hidden,disk flowers hidden,
Allium carinatum,disk flower hidden,disk flowers hidden,
Allium cepa,disk flower hidden,disk flowers hidden,
Allium denudatum,disk flower hidden,disk flowers hidden,
Allium exile,disk flower hidden,disk flowers hidden,
Allium flavum,disk flowers with nectar ± hidden nectaries at or in ovary,disk flowers hidden,
Allium lusitanicum,disk flower hidden,disk flowers hidden,
Allium neapolitanum,#N/A,disk flowers hidden,
Allium oleraceum,disk flower hidden,disk flowers hidden,
Allium roseum,#N/A,disk flowers hidden,
Allium saxatile,disk flower hidden,disk flowers hidden,
Allium schoenoprasum,disk flower hidden,disk flowers hidden,
Allium scorodoprasum,disk flower hidden,disk flowers hidden,
Allium sipyleum,disk flower hidden,disk flowers hidden,
Allium sphaerocephalon,disk flower hidden,disk flowers hidden,
Allium subvillosum,disk flower hidden,disk flowers hidden,
Allium trifoliatum,#N/A,disk flowers hidden,
Allium triquetrum,disk flower hidden,disk flowers hidden,
Allium ursinum,disk flower hidden,disk flowers hidden,
Althaea officinalis,funnel flower,disk flowers hidden,
Amaranthus hybridus,#N/A,wind flowers,grass
Amaranthus retroflexus,not applicable,wind flowers,grass
Amelanchier lamarckii,funnel flower,funnel flowers,
Ammi majus,disk flowers with nectar open,disk flowers open,
Anacamptis morio,lip flower,lip flowers,
Anacamptis palustris,lip flower,lip flowers,
Anacamptis pyramidalis,lip flower,lip flowers,
Anacamptis sancta,#N/A,lip flowers,
Anagallis,#N/A,disk flowers open,
Anagyris foetida,flag flower,flag flowers,
Anchusa arvensis,stalk disk flower,stalk disk flowers,
Anchusa hybrida,stalk disk flower,stalk disk flowers,
Anchusa officinalis,stalk disc flowers,stalk disk flowers,
Anchusa undulata,stalk disk flower,stalk disk flowers,
Androsace chamaejasme,stalk disk flower,stalk disk flowers,
Andryala,flower head,flower head,
Andryala integrifolia,flower head,flower head,
Andryala ragusina,flower head,flower head,
Anemone,pollen flower,pollen flowers,
Anemone apennina,#N/A,pollen flowers,
Anemone coronaria,#N/A,pollen flowers,
Anemone narcissiflora,pollen flower,pollen flowers,
Anemone palmata,#N/A,pollen flowers,
Anemone ranunculoides,pollen flower,pollen flowers,
Anemonoides nemorosa,pollen flower,pollen flowers,
Anemonoides sylvestris,#N/A,pollen flowers,
Angelica palustris,disk flowers with nectar open,disk flowers open,
Angelica sylvestris,brush flower,disk flowers open,
Antennaria carpatica,flower heads,flower head,
Antennaria dioica,flower head,flower head,
Anthemis,flower head,flower head,
Anthemis aciphylla,flower head,flower head,
Anthemis arvensis,flower head,flower head,
Anthemis auriculata,flower head,flower head,
Anthemis chia,flower head,flower head,
Anthemis maritima,flower head,flower head,
Anthemis rigida,flower head,flower head,
Anthericum liliago,disk flowers with nectar open,disk flowers open,
Anthericum ramosum,disk flower open,disk flowers open,
Anthoxanthum alpinum,not applicable,wind flowers,grass
Anthoxanthum odoratum,wind flower,wind flowers,grass
Anthriscus album,#N/A,disk flowers open,
Anthriscus caucalis,disk flowers with nectar open,disk flowers open,
Anthriscus cerefolium,disk flower open,disk flowers open,
Anthriscus nitida,disk flower open,disk flowers open,
Anthriscus sylvestris,disk flower open,disk flowers open,
Anthyllis circinnata,flag flower,flag flowers,
Anthyllis hermanniae,flag flower,flag flowers,
Anthyllis hystrix,flag flower,flag flowers,
Anthyllis vulneraria,flag flower,flag flowers,
Antirrhinum,lip flower,lip flowers,
Antirrhinum orontium,#N/A,lip flowers,
Apium graveolens,pollen flower,disk flowers open,
Aposeris foetida,flower head,flower head,
Aquilegia atrata,bell shaped flowers with sticky pollen,bell flowers,
Aquilegia einseleana,bell shaped flowers with sticky pollen,bell flowers,
Aquilegia vulgaris,bell flower,bell flowers,
Arabidopsis thaliana,disk flowers with nectar ± hidden nectaries at base of stamens,disk flowers hidden,
Arabis alpina,disk flowers with nectar ± hidden nectaries at base of stamens,disk flowers hidden,
Arabis caerulea,disk flowers with nectar ± hidden nectaries at base of stamens,disk flowers hidden,
Arabis ciliata,disk flower hidden,disk flowers hidden,
Arabis hirsuta,disk flower hidden,disk flowers hidden,
Arabis pumila,#N/A,disk flowers hidden,
Arabis sagittata,disk flowers with nectar ± hidden nectaries at base of stamens,disk flowers hidden,
Arbutus unedo,bell flower,bell flowers,
Arctium lappa,flower head,flower head,
Arctium minus,flower head,flower head,
Arctium tomentosum,flower head,flower head,
Arctous alpina,#N/A,bell flowers,
Arenaria ciliata,disk flowers with nectar ± hidden nectaries at base of stamens,disk flowers hidden,
Arenaria leptoclados,disk flowers with nectar ± hidden nectaries at base of stamens,disk flowers hidden,
Arenaria serpyllifolia,pollen flower,disk flowers hidden,
Argentina anserina,disk flower open,disk flowers open,
Aristolochia clematitis,vessel trap flowers,trap flowers,
Armeria maritima,flower head,flower head,
Arnica montana,flower head,flower head,
Arrhenatherum elatius,not applicable,wind flowers,grass
Artemisia vulgaris,not applicable,wind flowers,grass
Aruncus dioicus,pollen flower,pollen flowers,
Asparagus officinalis,bell flower,funnel flowers,
Asperula aristata,#N/A,funnel flowers,
Asperula tinctoria,funnel flower,funnel flowers,
Asphodelus aestivus,disk flower open,disk flowers open,
Asphodelus fistulosus,disk flower open,disk flowers open,
Asphodelus ramosus,disk flower open,disk flowers open,
Aster alpinus,flower heads,flower head,
Aster amellus,flower head,flower head,
Aster bellidiastrum,flower head,flower head,
Asteraceae,flower head,flower head,
Asteriscus aquaticus,flower head,flower head,
Astragalus balearicus,flag flower,flag flowers,
Astragalus cicer,flag flower,flag flowers,
Astragalus danicus,flag blossom,flag flowers,
Astragalus glycyphyllos,flag flower,flag flowers,
Astrantia major,flower head,flower head,
Asyneuma canescens,#N/A,disk flowers open,
Athamanta cretensis,disk flowers with nectar open,disk flowers open,
Aubrieta,#N/A,stalk disk flowers,
Aubrieta deltoidea,stalk disk flower,stalk disk flowers,
Aurinia saxatilis,disk flower open,disk flowers open,
Ballota nigra,lip flower,lip flowers,
Barbarea,#N/A,disk flowers hidden,
Barbarea vulgaris,disk flower hidden,disk flowers hidden,
Bartsia alpina,lip flower,lip flowers,
Begonia cucullata,pollen flower,pollen flowers,
Bellardia trixago,lip flower,lip flowers,
Bellevalia trifoliata,#N/A,bell flowers,
Bellis annua,flower head,flower head,
Bellis perennis,flower head,flower head,
Bellis sylvestris,#N/A,flower head,
Berberis,bell flower,bell flowers,
Berberis darwinii,bell flower,bell flowers,
Berberis thunbergii,disk flowers with nectar ± hidden nectaries at base of petals,disk flowers hidden,
Berberis vulgaris,disk flowers with nectar ± hidden nectaries at base of petals,disk flowers hidden,
Beta vulgaris,not applicable,disk flowers open,
Betonica alopecuros,lip flower,lip flowers,
Betonica officinalis,lip flower,lip flowers,
Biscutella auriculata,#N/A,disk flowers open,
Biscutella didyma,#N/A,disk flowers open,
Biscutella laevigata,disk flower hidden,disk flowers hidden,
Bistorta officinalis,bell flower,bell flowers,
Bistorta vivipara,bell flower,bell flowers,
Bituminaria bituminosa,flag flower,flag flowers,
Blackstonia,disk flower open,disk flowers open,
Blackstonia perfoliata,stalk disc flowers,stalk disk flowers,
Borago officinalis,bell flower,bell flowers,
Bougainvillea,stalk disk flower,stalk disk flowers,
Brachyglottis greyi,flower head,flower head,
Brachypodium pinnatum,not applicable,wind flowers,grass
Brachypodium sylvaticum,not applicable,wind flowers,grass
Brassica,#N/A,disk flowers hidden,
Brassica arvensis,disk flower hidden,disk flowers hidden,
Brassica juncea,disk flower hidden,disk flowers hidden,
Brassica napus,disk flower hidden,disk flowers hidden,
Brassica oleracea,disk flower hidden,disk flowers hidden,
Brassica rapa,disk flower hidden,disk flowers hidden,
Briza media,not applicable,wind flowers,grass
Brugmansia arborea,funnel flower,funnel flowers,
Bryonia alba,funnel flower,funnel flowers,
Bryonia cretica,funnel flower,funnel flowers,
Buddleja davidii,stalk disk flower,stalk disk flowers,
Buddleja globosa,stalk disk flower,stalk disk flowers,
Buglossoides arvensis,stalk disc flowers,stalk disk flowers,
Bunias orientalis,disk flower open,disk flowers hidden,
Buphthalmum salicifolium,flower head,flower head,
Bupleurum falcatum,disk flower open,disk flowers open,
Buxus sempervirens,pollen flower,disk flowers open,
Cakile maritima,stalk disk flower,stalk disk flowers,
Calamagrostis varia,not applicable,wind flowers,grass
Calamintha alpina,#N/A,lip flowers,
Calamintha clinopodium,#N/A,lip flowers,
Calendula,#N/A,flower head,
Calendula arvensis,flower head,flower head,
Calendula officinalis,flower head,flower head,
Calibrachoa parviflora,funnel flower,funnel flowers,
Calicotome spinosa,flag flower,flag flowers,
Calicotome villosa,flag flower,flag flowers,
Callistemon,brush flower,brush flowers,
Callistemon citrinus,brush flower,brush flowers,
Calluna vulgaris,bell flower,bell flowers,
Caltha palustris,disk flower hidden,disk flowers hidden,
Calystegia sepium,funnel flower,funnel flowers,
Calystegia soldanella,funnel flower,funnel flowers,
Camellia japonica,disk flower open,disk flowers open,
Camellia sinensis,pollen flower,pollen flowers,
Campanula,bell flower,bell flowers,
Campanula alpina,bell flower,bell flowers,
Campanula barbata,bell flower,bell flowers,
Campanula bononiensis,bell flower,bell flowers,
Campanula carnica,bell flower,bell flowers,
Campanula cochleariifolia,bell flower,bell flowers,
Campanula erinus,#N/A,bell flowers,
Campanula glomerata,bell flower,bell flowers,
Campanula latifolia,bell flower,bell flowers,
Campanula lusitanica,bell flower,bell flowers,
Campanula lyrata,bell flower,bell flowers,
Campanula patula,bell flower,bell flowers,
Campanula persicifolia,bell flower,bell flowers,
Campanula portenschlagiana,bell flower,bell flowers,
Campanula poscharskyana,bell flower,bell flowers,
Campanula rapunculoides,bell flower,bell flowers,
Campanula rapunculus,bell flower,bell flowers,
Campanula rotundifolia,bell flower,bell flowers,
Campanula scheuchzeri,bell flower,bell flowers,
Campanula serrata,bell flower,bell flowers,
Campanula sibirica,bell shaped flowers with sticky pollen,bell flowers,
Campanula spicata,bell flower,bell flowers,
Campanula trachelium,bell flower,bell flowers,
Candollea mollis,flower head,flower head,
Canna indica,lip flower,lip flowers,
Capsella bursa-pastoris,disk flower hidden,disk flowers hidden,
Capsella rubella,#N/A,disk flowers hidden,
Cardamine,#N/A,disk flowers hidden,
Cardamine enneaphyllos,disk flower hidden,disk flowers hidden,
Cardamine flexuosa,disk flowers with nectar ± hidden nectaries at base of stamens,disk flowers hidden,
Cardamine hirsuta,disk flower hidden,disk flowers hidden,
Cardamine impatiens,disk flowers with nectar ± hidden nectaries at base of stamens,disk flowers hidden,
Cardamine pratensis,disk flower hidden,disk flowers hidden,
Cardopatium corymbosum,flower head,flower head,
Carduus acanthoides,flower head,flower head,
Carduus arvensis,#N/A,flower head,
Carduus crispus,flower head,flower head,
Carduus defloratus,flower head,flower head,
Carduus hamulosus,#N/A,flower head,
Carduus nutans,flower head,flower head,
Carduus personata,flower head,flower head,
Carduus pycnocephalus,flower head,flower head,
Carduus tenuiflorus,flower head,flower head,
Carex alba,not applicable,pollen flowers,
Carex atrata,not applicable,pollen flowers,
Carex caryophyllea,not applicable,pollen flowers,
Carex digitata,not applicable,pollen flowers,
Carex ericetorum,pollen flower,pollen flowers,
Carex ferruginea,not applicable,pollen flowers,
Carex firma,not applicable,pollen flowers,
Carex flacca,not applicable,pollen flowers,
Carex hirta,pollen flower,pollen flowers,
Carex leporina,#N/A,pollen flowers,
Carex nigra,not applicable,pollen flowers,
Carex pallescens,not applicable,pollen flowers,
Carex panicea,pollen flower,pollen flowers,
Carex sempervirens,not applicable,pollen flowers,
Carlina acaulis,flower head,flower head,
Carlina corymbosa,flower head,flower head,
Carlina lanata,flower head,flower head,
Carlina vulgaris,flower head,flower head,
Carpobrotus,#N/A,flower head,
Carthamus lanatus,#N/A,flower head,
Carum carvi,disk flower open,disk flowers open,
Catalpa bignonioides,#N/A,funnel flowers,
Ceanothus,stalk disk flower,stalk disk flowers,
Centaurea,#N/A,flower head,
Centaurea aspera,#N/A,flower head,
Centaurea cyanus,flower head,flower head,
Centaurea jacea,flower head,flower head,
Centaurea laconica,flower head,flower head,
Centaurea montana,flower head,flower head,
Centaurea nervosa,flower head,flower head,
Centaurea nigra,flower head,flower head,
Centaurea nigrescens,flower head,flower head,
Centaurea phrygia,flower head,flower head,
Centaurea raphanina,flower head,flower head,
Centaurea reichenbachii,flower head,flower head,
Centaurea scabiosa,flower head,flower head,
Centaurea spinosa,flower head,flower head,
Centaurea stoebe,flower head,flower head,
Centaurea triumfettii,flower head,flower head,
Centaurium bianoris,#N/A,stalk disk flowers,
Centaurium erythraea,stalk disk flower,stalk disk flowers,
Centaurium maritimum,#N/A,stalk disk flowers,
Centaurium minus,#N/A,stalk disk flowers,
Centaurium pulchellum,stalk disc flowers,stalk disk flowers,
Centaurium tenuiflorum,stalk disk flower,stalk disk flowers,
Cephalanthera damasonium,lip flowers,lip flowers,
Cephalanthera longifolia,lip flowers,lip flowers,
Cephalaria gigantea,flower head,flower head,
Cephalaria radiata,flower head,flower head,
Cerastium,disk flower hidden,disk flowers hidden,
Cerastium arvense,disk flower hidden,disk flowers hidden,
Cerastium carinthiacum,disk flower hidden,disk flowers hidden,
Cerastium fontanum,disk flower hidden,disk flowers hidden,
Cerastium glomeratum,disk flower hidden,disk flowers hidden,
Cerastium holosteoides,disk flower hidden,disk flowers hidden,
Cerastium latifolium,disk flowers with nectar ± hidden nectaries at base of stamens,disk flowers hidden,
Cerastium pumilum,disk flowers with nectar ± hidden nectaries at base of stamens,disk flowers hidden,
Cerastium semidecandrum,disk flowers with nectar ± hidden nectaries at base of stamens,disk flowers hidden,
Cerastium tomentosum,disk flower hidden,disk flowers hidden,
Cerastium uniflorum,disk flowers with nectar ± hidden nectaries at base of stamens,disk flowers hidden,
Cerinthe minor,bell shaped flowers with powdery pollen,bell flowers,
Chaenomeles japonica,pollen flower,pollen flowers,
Chaenorrhinum minus,#N/A,lip flowers,
Chaerophyllum,#N/A,disk flowers open,
Chaerophyllum aromaticum,disk flower open,disk flowers open,
Chaerophyllum aureum,disk flower open,disk flowers open,
Chaerophyllum bulbosum,disk flower open,disk flowers open,
Chaerophyllum hirsutum,disk flower open,disk flowers open,
Chaerophyllum temulum,disk flower open,disk flowers open,
Chamaecytisus virescens,#N/A,flag flowers,
Chamaenerion angustifolium,disk flower open,disk flowers open,
Chelidonium majus,pollen flower,pollen flowers,
Chenopodium album,pollen flower,pollen flowers,
Choisya ternata,#N/A,disk flowers open,
Chondrilla juncea,flower head,flower head,
Chondrilla ramosissima,flower head,flower head,
Chrysanthemum coronarium,#N/A,flower head,
Chrysanthemum halleri,#N/A,flower head,
Chrysosplenium alternifolium,disk flower open,disk flowers open,
Cicerbita alpina,flower heads,flower head,
Cichorium intybus,flower head,flower head,
Circaea lutetiana,lip flower,lip flowers,
Cirsium,flower head,flower head,
Cirsium acaule,flower head,flower head,
Cirsium arvense,flower head,flower head,
Cirsium canum,flower heads,flower head,
Cirsium erisithales,flower head,flower head,
Cirsium heterophyllum,flower head,flower head,
Cirsium monspessulanum,flower head,flower head,
Cirsium oleraceum,flower head,flower head,
Cirsium palustre,flower head,flower head,
Cirsium pannonicum,flower head,flower head,
Cirsium rivulare,flower heads,flower head,
Cirsium spinosissimum,flower head,flower head,
Cirsium vulgare,flower head,flower head,
Cistus,disk flower open,disk flowers open,
Cistus albidus,disk flower open,disk flowers open,
Cistus calycinus,disk flower open,disk flowers open,
Cistus creticus,disk flower open,disk flowers open,
Cistus crispus,disk flower open,disk flowers open,
Cistus halimifolius,disk flower open,disk flowers open,
Cistus ladanifer,disk flower open,disk flowers open,
Cistus libanotis,disk flower open,disk flowers open,
Cistus monspeliensis,disk flower open,disk flowers open,
Cistus parviflorus,disk flower open,disk flowers open,
Cistus salviifolius,disk flower open,disk flowers open,
Citrus trifoliata,disk flower open,disk flowers open,
Clematis alpina,pollen flower,pollen flowers,
Clematis flammula,pollen flower,pollen flowers,
Clematis integrifolia,#N/A,pollen flowers,
Clematis recta,pollen flower,pollen flowers,
Clematis vitalba,pollen flower,pollen flowers,
Clinopodium acinos,lip flower,lip flowers,
Clinopodium alpinum,lip flower,lip flowers,
Clinopodium grandiflorum,lip flower,lip flowers,
Clinopodium nepeta,lip flower,lip flowers,
Clinopodium vulgare,lip flower,lip flowers,
Coeloglossum viride,lip flowers,lip flowers,
Colchicum filifolium,#N/A,funnel flowers,
Conium maculatum,disk flower open,disk flowers open,
Conopodium majus,disk flower open,disk flowers open,
Convallaria majalis,bell flower,bell flowers,
Convolvulus althaeoides,funnel flower,funnel flowers,
Convolvulus arvensis,funnel flower,funnel flowers,
Convolvulus elegantissimus,#N/A,funnel flowers,
Convolvulus serpium,#N/A,funnel flowers,
Conyza,#N/A,flower head,
Coreopsis,flower head,flower head,
Coreopsis verticillata,flower head,flower head,
Coriandrum sativum,disk flower open,disk flowers open,
Cornus alba,disk flower open,disk flowers open,
Cornus florida,#N/A,disk flowers open,
Cornus sanguinea,disk flower open,disk flowers open,
Cornus sericea,disk flowers with nectar open,disk flowers open,
Coronilla varia,pollen flower,pollen flowers,
Corydalis cava,lip flower,flag flowers,
Cosmos,#N/A,flower head,
Cota tinctoria,flower head,flower head,
Cotoneaster acutifolius,bell flower,funnel flowers,
Cotoneaster franchetii,bell flower,bell flowers,
Cotoneaster frigidus,bell flower,bell flowers,
Cotoneaster hybr,bell flower,bell flowers,
Crataegus,disk flower hidden,disk flowers hidden,
Crataegus azarolus,disk flower hidden,disk flowers hidden,
Crataegus laevigata,disk flowers with nectar ± hidden in centre of flower,disk flowers hidden,
Crataegus monogyna,disk flower hidden,disk flowers hidden,
Crepis,flower head,flower head,
Crepis alpestris,flower heads,flower head,
Crepis aurea,flower head,flower head,
Crepis biennis,flower head,flower head,
Crepis capillaris,flower head,flower head,
Crepis commutata,flower head,flower head,
Crepis foetida,flower head,flower head,
Crepis mollis,flower head,flower head,
Crepis multiflora,flower head,flower head,
Crepis neglecta,flower head,flower head,
Crepis paludosa,flower head,flower head,
Crepis pulchra,flower head,flower head,
Crepis rubra,flower head,flower head,
Crepis sancta,flower head,flower head,
Crepis setosa,flower head,flower head,
Crepis terglouensis,flower head,flower head,
Crepis vesicaria,#N/A,flower head,
Crocosmia crocosmiiflora,funnel flower,funnel flowers,
Crocus albiflorus,funnel flowers,funnel flowers,
Crocus cambessedesii,#N/A,funnel flowers,
Crocus vernus,funnel flower,funnel flowers,
Crucianella maritima,stalk disk flower,stalk disk flowers,
Cruciata laevipes,disk flower open,disk flowers open,
Crupina crupinastrum,flower head,flower head,
Cucurbita maxima,#N/A,funnel flowers,
Cucurbita pepo,funnel flower,funnel flowers,
Cuscuta,#N/A,bell flowers,
Cuscuta campestris,bell flower,bell flowers,
Cuscuta epithymum,bell flower,bell flowers,
Cyanus segetum,#N/A,flower head,
Cydonia,#N/A,disk flowers hidden,
Cydonia oblonga,disk flower hidden,disk flowers hidden,
Cymbalaria muralis,lip flower,lip flowers,
Cynanchica pyrenaica,funnel flower,funnel flowers,
Cynanchum vincetoxicum,#N/A,funnel flowers,
Cynara cardunculus,flower head,flower head,
Cynara humilis,#N/A,flower head,
Cynoglossum columnae,stalk disk flower,stalk disk flowers,
Cynoglossum creticum,#N/A,stalk disk flowers,
Cynosurus cristatus,not applicable,wind flowers,grass
Cytisus albus,#N/A,flag flowers,
Cytisus scoparius,flag flower,flag flowers,
Daboecia cantabrica,bell flower,bell flowers,
Dactylis glomerata,not applicable,wind flowers,grass
Dactylorhiza incarnata,lip flowers,lip flowers,
Dactylorhiza maculata,lip flower,lip flowers,
Dactylorhiza majalis,lip flowers,lip flowers,
Dahlia,flower head,flower head,
Dahlia coccinea,flower head,flower head,
Daphne mezereum,stalk disk flower,stalk disk flowers,
Dasiphora fruticosa,disk flower open,disk flowers open,
Datura,funnel flower,funnel flowers,
Daucus,disk flower open,disk flowers open,
Daucus carota,disk flower open,disk flowers open,
Daucus guttatus,disk flower open,disk flowers open,
Delosperma,#N/A,flower head,
Delphinium consolida,lip flower,lip flowers,
Delphinium peregrinum,#N/A,lip flowers,
Dentaria enneaphyllos,disk flowers with nectar ± hidden nectaries at base of stamens,disk flowers hidden,
Deschampsia cespitosa,not applicable,wind flowers,grass
Descurainia pinnata,#N/A,disk flowers open,
Deutzia,funnel flower,funnel flowers,
Deutzia scabra,disk flower open,disk flowers open,
Dianthus,#N/A,stalk disk flowers,
Dianthus armeria,stalk disc flowers,stalk disk flowers,
Dianthus barbatus,stalk disk flower,stalk disk flowers,
Dianthus carthusianorum,stalk disk flower,stalk disk flowers,
Dianthus caryophyllus,stalk disk flower,stalk disk flowers,
Dianthus deltoides,stalk disk flower,stalk disk flowers,
Dianthus hyssopifolius,stalk disk flower,stalk disk flowers,
Dianthus monspessulanus,stalk disk flower,stalk disk flowers,
Dianthus seguieri,stalk disc flowers,stalk disk flowers,
Dianthus superbus,stalk disk flower,stalk disk flowers,
Dianthus sylvestris,stalk disc flowers,stalk disk flowers,
Dianthus tripunctatus,#N/A,stalk disk flowers,
Dictamnus albus,lip flowers,lip flowers,
Digitalis,bell flower,bell flowers,
Digitalis purpurea,bell flower,lip flowers,
Dimorphotheca ecklonis,flower head,flower head,
Dioscorea communis,#N/A,funnel flowers,
Dipcadi serotinum,#N/A,funnel flowers,
Diplotaxis,disk flower open,disk flowers open,
Diplotaxis erucoides,#N/A,disk flowers open,
Diplotaxis ibicensis,disk flower open,disk flowers open,
Diplotaxis tenuifolia,disk flower open,disk flowers hidden,
Dipsacus,flower head,flower head,
Dipsacus fullonum,flower head,flower head,
Dipsacus sylvestris,#N/A,flower head,
Dittrichia viscosa,#N/A,flower head,
Dombeya cayeuxii,disk flower open,disk flowers open,
Doronicum austriacum,flower head,flower head,
Doronicum grandiflorum,flower heads,flower head,
Draba aizoides,disk flowers with nectar ± hidden nectaries at base of stamens,disk flowers hidden,
Draba verna,#N/A,disk flowers hidden,
Dryas octopetala,disk flower hidden,disk flowers hidden,
Echinacea purpurea,flower head,flower head,
Echinocystis lobata,funnel flower,funnel flowers,
Echinops,flower head,flower head,
Echinops exaltatus,flower head,flower head,
Echinops ritro,flower head,flower head,
Echinops sphaerocephalus,flower head,flower head,
Echinops spinosissimus,flower head,flower head,
Echium angustifolium,lip flower,lip flowers,
Echium candicans,lip flower,lip flowers,
Echium italicum,lip flower,lip flowers,
Echium plantagineum,lip flower,lip flowers,
Echium sabulicola,#N/A,lip flowers,
Echium vulgare,lip flower,lip flowers,
Elaeoselinum,disk flower open,disk flowers open,
Ephedra fragilis,pollen flower,pollen flowers,
Epilobium,disk flower hidden,disk flowers hidden,
Epilobium alpestre,disk flowers with nectar ± hidden in centre of flower,disk flowers hidden,
Epilobium alsinifolium,disk flowers with nectar ± hidden in centre of flower,disk flowers hidden,
Epilobium ciliatum,disk flower hidden,disk flowers hidden,
Epilobium dodonaei,disk flower hidden,disk flowers hidden,
Epilobium hirsutum,disk flower hidden,disk flowers hidden,
Epilobium montanum,disk flower hidden,disk flowers hidden,
Epilobium obscurum,disk flower hidden,disk flowers hidden,
Epilobium parviflorum,disk flower hidden,disk flowers hidden,
Epilobium tetragonum,disk flower hidden,disk flowers hidden,
Epipactis atrorubens,lip flowers,lip flowers,
Epipactis helleborine,lip flowers,lip flowers,
Epipactis palustris,lip flowers,lip flowers,
Epipactis purpurea,#N/A,lip flowers,
Erica,bell flower,bell flowers,
Erica andevalensis,#N/A,bell flowers,
Erica arborea,bell flower,bell flowers,
Erica carnea,bell flower,bell flowers,
Erica cinerea,bell flower,bell flowers,
Erica erigena,bell flower,bell flowers,
Erica tetralix,bell flower,bell flowers,
Erica vagans,bell flower,bell flowers,
Erigeron annuus,flower head,flower head,
Erigeron canadensis,flower head,flower head,
Erigeron glabratus,flower head,flower head,
Erigeron glaucus,flower head,flower head,
Erigeron uniflorus,flower heads,flower head,
Erinus alpinus,stalk disk flower,stalk disk flowers,
Eriobotrya japonica,bell flower,bell flowers,
Eriocapitella hupehensis,disk flower open,disk flowers open,
Eriolarynx australis,bell flower,bell flowers,
Erodium,disk flower hidden,disk flowers hidden,
Erodium botrys,#N/A,disk flowers hidden,
Erodium chium,disk flower hidden,disk flowers hidden,
Erodium cicutarium,disk flower hidden,disk flowers hidden,
Erodium helioscopia,#N/A,disk flowers hidden,
Erodium malacoides,#N/A,disk flowers hidden,
Erodium moschatum,disk flower hidden,disk flowers hidden,
Erophila praecox,#N/A,disk flowers hidden,
Erophila verna,disk flowers with nectar ± hidden nectaries at base of stamens,disk flowers hidden,
Eruca vesicaria,#N/A,disk flowers open,
Ervilia hirsuta,#N/A,flag flowers,
Eryngium bourgatii,flower head,flower head,
Eryngium campestre,flower head,flower head,
Eryngium maritimum,flower head,flower head,
Erysimum,disk flower hidden,disk flowers hidden,
Erysimum crepidifolium,disk flower hidden,disk flowers hidden,
Erysimum duriaei,disk flower hidden,disk flowers hidden,
Erysimum pusillum,disk flower hidden,disk flowers hidden,
Escallonia rubra,bell flower,bell flowers,
Eschscholzia californica,pollen flower,pollen flowers,
Euonymus europaeus,disk flower open,disk flowers open,
Eupatorium cannabinum,flower head,flower head,
Euphorbia,disk flower open,disk flowers open,
Euphorbia acanthothamnos,#N/A,disk flowers open,
Euphorbia amygdaloides,disk flowers with nectar open,disk flowers open,
Euphorbia characias,disk flower open,disk flowers open,
Euphorbia cyparissias,disk flower open,disk flowers open,
Euphorbia dendroides,disk flower open,disk flowers open,
Euphorbia esula,disk flowers with nectar open,disk flowers open,
Euphorbia exigua,disk flowers with nectar open,disk flowers open,
Euphorbia flavicoma,disk flower open,disk flowers open,
Euphorbia helioscopia,disk flower hidden,disk flowers open,
Euphorbia illirica,#N/A,disk flowers open,
Euphorbia medicaginea,#N/A,disk flowers open,
Euphorbia paralias,disk flower open,disk flowers open,
Euphorbia peplus,disk flowers with nectar open,disk flowers open,
Euphorbia pithyusa,disk flower open,disk flowers open,
Euphorbia platyphyllos,disk flowers with nectar open,disk flowers open,
Euphorbia serrata,#N/A,disk flowers open,
Euphorbia spathulata,disk flower open,disk flowers open,
Euphorbia stricta,disk flowers with nectar open,disk flowers open,
Euphorbia terracina,disk flower open,disk flowers open,
Euphorbia verrucosa,disk flowers with nectar open,disk flowers open,
Euphrasia,lip flower,lip flowers,
Euphrasia hirtella,true lip flowers,lip flowers,
Euphrasia minima,true lip flowers,lip flowers,
Euphrasia nemorosa,true lip flowers,lip flowers,
Euphrasia officinalis,lip flower,lip flowers,
Euphrasia picta,lip flower,lip flowers,
Euphrasia salisburgensis,true lip flowers,lip flowers,
Euphrasia stricta,lip flower,lip flowers,
Eurybia divaricata,flower head,flower head,
Fabaceae,#N/A,NA,
Falcaria,disk flower open,disk flowers open,
Falcaria vulgaris,disk flower open,disk flowers open,
Fallopia baldschuanica,stalk disk flower,bell flowers,
Fallopia convolvulus,bell shaped flowers with sticky pollen,bell flowers,
Fatsia japonica,pollen flower,pollen flowers,
Ferula tingitana,disk flower open,disk flowers open,
Festuca nigrescens,not applicable,wind flowers,grass
Festuca pratensis,not applicable,wind flowers,grass
Festuca quadriflora,not applicable,wind flowers,grass
Filipendula hexapetala,#N/A,pollen flowers,
Filipendula ulmaria,pollen flower,pollen flowers,
Filipendula vulgaris,pollen flower,pollen flowers,
Foeniculum vulgare,disk flower open,disk flowers open,
Forsythia,bell flower,bell flowers,
Fragaria,disk flower hidden,disk flowers hidden,
Fragaria moschata,disk flower hidden,disk flowers hidden,
Fragaria vesca,disk flower hidden,disk flowers hidden,
Fragaria viridis,disk flower hidden,disk flowers hidden,
Frankenia hirsuta,funnel flower,funnel flowers,
Fuchsia,pollen flower,pollen flowers,
Fuchsia magellanica,pollen flower,pollen flowers,
Fumana arabica,disk flower open,disk flowers open,
Fumana thymifolia,disk flower open,disk flowers open,
Fumaria bastardii,#N/A,flag flowers,
Fumaria muralis,flag flower,flag flowers,
Fumaria officinalis,non Fabaceae flag blossom,flag flowers,
Gagea graeca,#N/A,funnel flowers,
Galactites tomentosus,flower head,flower head,
Galega officinalis,flag flower,flag flowers,
Galeobdolon luteum,true lip flowers,lip flowers,
Galeopsis,#N/A,lip flowers,
Galeopsis ladanum,lip flower,lip flowers,
Galeopsis pubescens,lip flower,lip flowers,
Galeopsis segetum,true lip flowers,lip flowers,
Galeopsis speciosa,lip flower,lip flowers,
Galeopsis tetrahit,lip flower,lip flowers,
Galinsoga quadriradiata,flower head,flower head,
Galium,disk flower open,disk flowers open,
Galium album,disk flower open,disk flowers open,
Galium anisophyllon,disk flower open,disk flowers open,
Galium aparine,disk flower open,disk flowers open,
Galium boreale,disk flower open,disk flowers open,
Galium glaucum,disk flower open,disk flowers open,
Galium lucidum,disk flower open,disk flowers open,
Galium mollugo,disk flower open,disk flowers open,
Galium odoratum,disk flower open,disk flowers open,
Galium palustre,disk flowers with nectar open,disk flowers open,
Galium parisiense,disk flowers with nectar open,disk flowers open,
Galium pomeranicum,disk flowers with nectar open,disk flowers open,
Galium pumilum,disk flower open,disk flowers open,
Galium rubioides,#N/A,disk flowers open,
Galium saxatile,disk flower open,disk flowers open,
Galium spurium,disk flowers with nectar open,disk flowers open,
Galium trifidum,#N/A,disk flowers open,
Galium uliginosum,disk flowers with nectar open,disk flowers open,
Galium verum,disk flower open,disk flowers open,
Genista,flag flower,flag flowers,
Genista acanthoclada,flag flower,flag flowers,
Genista hirsuta,flag flower,flag flowers,
Genista tinctoria,flag flower,flag flowers,
Genista triacanthos,flag flower,flag flowers,
Gentiana amarella,#N/A,stalk disk flowers,
Gentiana asclepiadea,funnel flower,stalk disk flowers,
Gentiana bavarica,funnel flowers,funnel flowers,
Gentiana clusii,funnel flower,funnel flowers,
Gentiana cruciata,funnel flower,funnel flowers,
Gentiana nivalis,stalk disc flowers,stalk disk flowers,
Gentiana pannonica,funnel flower,disk flowers open,
Gentiana utriculosa,funnel flowers,funnel flowers,
Gentiana verna,funnel flower,funnel flowers,
Gentianella amarella,funnel flowers,funnel flowers,
Gentianella aspera,funnel flowers,funnel flowers,
Gentianella austriaca,#N/A,stalk disk flowers,
Gentianella bavarica,#N/A,stalk disk flowers,
Gentianella ciliata,funnel flowers,funnel flowers,
Gentianella obtusifolia,funnel flower,funnel flowers,
Gentianella panonica,#N/A,stalk disk flowers,
Gentianella praecox,funnel flower,funnel flowers,
Gentianella rhaetica,funnel flower,funnel flowers,
Gentianella utriculosa,#N/A,stalk disk flowers,
Gentianella verna,#N/A,stalk disk flowers,
Gentianopsis ciliata,funnel flower,funnel flowers,
Geraniacea,#N/A,disk flowers open,
Geranium,disk flower hidden,disk flowers hidden,
Geranium berteroanum,#N/A,disk flowers hidden,
Geranium clisschum,#N/A,disk flowers hidden,
Geranium columbinum,disk flower hidden,disk flowers hidden,
Geranium dissectum,disk flower hidden,disk flowers hidden,
Geranium macrorrhizum,disk flower hidden,disk flowers hidden,
Geranium molle,disk flower hidden,disk flowers hidden,
Geranium nodosum,disk flower hidden,disk flowers hidden,
Geranium palustre,disk flower hidden,disk flowers hidden,
Geranium phaeum,disk flower hidden,disk flowers hidden,
Geranium pratense,disk flower hidden,disk flowers hidden,
Geranium purpureum,disk flowers with nectar ± hidden nectaries at base of stamens,disk flowers hidden,
Geranium pusillum,disk flower hidden,disk flowers hidden,
Geranium pyrenaicum,disk flower hidden,disk flowers hidden,
Geranium robertianum,disk flower hidden,disk flowers hidden,
Geranium rotundifolium,disk flower hidden,disk flowers hidden,
Geranium rupertianum,#N/A,disk flowers hidden,
Geranium sanguineum,disk flower hidden,disk flowers hidden,
Geranium sibiricum,disk flower hidden,disk flowers hidden,
Geranium sylvaticum,disk flower hidden,disk flowers hidden,
Geranium versicolor,disk flower hidden,disk flowers hidden,
Geum,bell flower,bell flowers,
Geum rivale,bell flower,disk flowers hidden,
Geum urbanum,disk flower hidden,disk flowers hidden,
Gladiolus,#N/A,lip flowers,
Gladiolus illyricus,lip flower,lip flowers,
Gladiolus imbricatus,lip flower,lip flowers,
Gladiolus italicus,lip flower,lip flowers,
Glaucium flavum,pollen flower,pollen flowers,
Glebionis coronaria,flower head,flower head,
Glebionis segetum,flower head,flower head,
Glechoma hederacea,lip flower,lip flowers,
Globularia,#N/A,flower head,
Globularia cordifolia,flower head,flower head,
Globularia nudicaulis,flower head,flower head,
Glycine max,lip flower,lip flowers,
Gymnadenia conopsea,lip flower,lip flowers,
Gymnadenia odoratissima,lip flowers,lip flowers,
Gypsophila repens,pollen flower,funnel flowers,
Halimium calycinum,#N/A,pollen flowers,
Hebe,pollen flower,pollen flowers,
Hedypnois cretica,#N/A,flower head,
Hedypnois rhagadioloides,flower head,flower head,
Hedysarum hedysaroides,flag flower,flag flowers,
Helianthemum,pollen flower,pollen flowers,
Helianthemum grandiflorum,#N/A,pollen flowers,
Helianthemum nummularium,pollen flower,pollen flowers,
Helianthemum oelandicum,pollen flower,pollen flowers,
Helianthus annuus,flower head,flower head,
Helianthus tuberosus,flower head,flower head,
Helichrysum arenarium,flower head,flower head,
Helichrysum italicum,flower head,flower head,
Helichrysum serotinum,flower head,flower head,
Helichrysum stoechas,flower head,flower head,
Helictotrichon pubescens,not applicable,wind flowers,grass
Heliosperma alpestre,bell flower,bell flowers,
Heliosperma pusillum,bell flower,bell flowers,
Heliotropium dolosum,stalk disk flower,stalk disk flowers,
Heliotropium europaeum,stalk disk flower,stalk disk flowers,
Helleborus foetidus,disk flower hidden,disk flowers hidden,
Helleborus niger,disk flower hidden,disk flowers hidden,
Helleborus viridis,disk flower hidden,bell flowers,
Helminthotheca echioides,flower head,flower head,
Hemerocallis fulva,funnel flowers,funnel flowers,
Hemerocallis lilioasphodelus,funnel flower,funnel flowers,
Hepatica nobilis,pollen flower,pollen flowers,
Heracleum austriacum,disk flower open,disk flowers open,
Heracleum sphondylium,disk flower open,disk flowers open,
Hesperis matronalis,stalk disk flower,stalk disk flowers,
Heuchera,bell flower,bell flowers,
Hibiscus,disk flower hidden,disk flowers hidden,
Hibiscus syriacus,disk flower hidden,disk flowers hidden,
Hibiscus trionum,disk flower hidden,disk flowers hidden,
Hieracium,flower head,flower head,
Hieracium aurantiacum,flower heads,flower head,
Hieracium bifidum,flower head,flower head,
Hieracium glanduliferum,#N/A,flower head,
Hieracium glaucum,flower head,flower head,
Hieracium lachenalii,flower head,flower head,
Hieracium murorum,flower head,flower head,
Hieracium picroides,flower head,flower head,
Hieracium piliferum,flower head,flower head,
Hieracium pilosum,flower head,flower head,
Hieracium porrifolium,#N/A,flower head,
Hieracium umbellatum,flower head,flower head,
Hieracium valdepilosum,flower head,flower head,
Hieracium villosum,flower head,flower head,
Himantoglossum robertianum,#N/A,lip flowers,
Hippocrepis comosa,flag flower,flag flowers,
Hippocrepis emerus,flag flower,flag flowers,
Hirschfeldia incana,disk flower hidden,disk flowers hidden,
Holcus lanatus,pollen flower,pollen flowers,
Holosteum umbellatum,disk flowers with nectar ± hidden nectaries at base of stamens,disk flowers hidden,
Homogyne alpina,flower head,flower head,
Horminum pyrenaicum,bell flower,lip flowers,
Hornungia alpina,disk flower hidden,disk flowers hidden,
Hortensia,#N/A,disk flowers open,
Humulus lupulus,pollen flower,pollen flowers,
Hyacinthoides,bell flower,bell flowers,
Hyacinthoides hispanica,bell shaped flowers with sticky pollen,bell flowers,
Hyacinthoides non-scripta,bell flower,bell flowers,
Hydrangea,disk flower hidden,disk flowers hidden,
Hydrangea arborescens,disk flower open,disk flowers open,
Hydrangea macrophylla,disk flower open,disk flowers open,
Hylotelephium telephium,pollen flower,pollen flowers,
Hymenocarpos circinnatus,#N/A,flag flowers,
Hymenonema graecum,flower head,flower head,
Hyoscyamus niger,bell shaped flowers with sticky pollen,bell flowers,
Hyoseris radiata,flower head,flower head,
Hyoseris scabra,flower head,flower head,
Hypecoum imberbe,pollen flower,pollen flowers,
Hypericum,pollen flower,pollen flowers,
Hypericum androsaemum,pollen flower,pollen flowers,
Hypericum empetrifolium,pollen flower,pollen flowers,
Hypericum hirsutum,pollen flower,pollen flowers,
Hypericum maculatum,pollen flower,pollen flowers,
Hypericum perfoliatum,pollen flower,pollen flowers,
Hypericum perforatum,pollen flower,pollen flowers,
Hypericum richeri,pollen flower,pollen flowers,
Hypericum triquetrifolium,pollen flower,pollen flowers,
Hypochaeris,flower head,flower head,
Hypochaeris achyrophorus,flower head,flower head,
Hypochaeris cretensis,flower head,flower head,
Hypochaeris glabra,flower head,flower head,
Hypochaeris maculata,flower head,flower head,
Hypochaeris radicata,flower head,flower head,
Hyssopus officinalis,true lip flowers,lip flowers,
Iberis amara,disk flowers with nectar ± hidden nectaries at base of stamens,disk flowers hidden,
Ilex aquifolium,disk flowers with nectar open,disk flowers open,
Impatiens glandulifera,lip flower,lip flowers,
Impatiens noli-tangere,lip flower,lip flowers,
Impatiens parviflora,lip flower,lip flowers,
Inula,flower head,flower head,
Inula conyzae,flower heads,flower head,
Iochroma fuchsioides,bell flower,bell flowers,
Iris,#N/A,lip flowers,
Iris germanica,lip flowers,lip flowers,
Iris pseudacorus,lip flower,lip flowers,
Jacobaea abrotanifolia,flower head,flower head,
Jacobaea alpina,flower head,flower head,
Jacobaea erucifolia,#N/A,flower head,
Jacobaea maritima,flower head,flower head,
Jacobaea vulgaris,flower head,flower head,
Jasione,flower head,flower head,
Jasione montana,flower head,flower head,
Jasminum mesnyi,stalk disk flower,stalk disk flowers,
Jovibarba globifera,disk flowers with nectar ± hidden nectaries at or in ovary,disk flowers hidden,
Juglans regia,pollen flower,pollen flowers,
Juncus trifidus,not applicable,wind flowers,grass
Juniperus communis,pollen flower,pollen flowers,
Jurinea mollis,#N/A,flower head,
Kickxia cirrhosa,#N/A,lip flowers,
Kickxia elatine,lip flowers,lip flowers,
Kickxia spuria,lip flowers,lip flowers,
Klasea radiata,flower head,flower head,
Knautia arvensis,flower head,flower head,
Knautia dipsacifolia,flower head,flower head,
Knautia drymeia,flower head,flower head,
Knautia integrifolia,flower head,flower head,
Knautia kitaibelii,flower head,flower head,
Knautia longifolia,flower head,flower head,
Krigia dandelion,#N/A,flower head,
Kundmannia sicula,stalk disk flower,stalk disk flowers,
Laburnum watereri,flag flower,flag flowers,
Lactuca muralis,flower head,flower head,
Lactuca serriola,flower head,flower head,
Lamium album,lip flower,lip flowers,
Lamium amplexicaule,lip flower,lip flowers,
Lamium galeobdolon,lip flower,lip flowers,
Lamium maculatum,lip flower,lip flowers,
Lamium orvala,lip flower,lip flowers,
Lamium purpureum,lip flower,lip flowers,
Lantana camara,stalk disk flower,stalk disk flowers,
Lappula squarrosa,stalk disc flowers,stalk disk flowers,
Lapsana communis,flower head,flower head,
Larix decidua,pollen flower,pollen flowers,
Laserpitium gallicum,disk flower open,disk flowers open,
Lathyrus,#N/A,flag flowers,
Lathyrus aphaca,flag blossom,flag flowers,
Lathyrus cicera,#N/A,flag flowers,
Lathyrus clymenum,flag flower,flag flowers,
Lathyrus latifolius,flag flower,flag flowers,
Lathyrus linifolius,flag flower,flag flowers,
Lathyrus niger,flag blossom,flag flowers,
Lathyrus odoratus,flag flower,flag flowers,
Lathyrus oleraceus,flag flower,flag flowers,
Lathyrus palustris,flag blossom,flag flowers,
Lathyrus pratensis,flag blossom,flag flowers,
Lathyrus sylvestris,flag flower,flag flowers,
Lathyrus tuberosus,flag flower,flag flowers,
Lathyrus vernus,flag flower,flag flowers,
Launaea cervicornis,flower head,flower head,
Lavandula,#N/A,lip flowers,
Lavandula angustifolia,lip flower,lip flowers,
Lavandula dentata,#N/A,lip flowers,
Lavandula multifida,lip flower,lip flowers,
Lavandula stoechas,lip flower,lip flowers,
Legousia falcata,bell flower,bell flowers,
Legousia pentagonia,bell flower,bell flowers,
Legousia speculum-veneris,disk flowers with nectar ± hidden in centre of flower,disk flowers hidden,
Leontodon,flower head,flower head,
Leontodon hispidus,flower head,flower head,
Leontodon longirostris,flower head,flower head,
Leontodon saxatilis,flower head,flower head,
Leontodon tuberosus,flower head,flower head,
Leontopodium nivale,flower head,flower head,
Leopoldia weissii,#N/A,bell flowers,
Lepidium campestre,disk flowers with nectar ± hidden nectaries at base of stamens,disk flowers hidden,
Lepidium draba,pollen flower,pollen flowers,
Lepidium spinosum,#N/A,pollen flowers,
Leucanthemum,flower head,flower head,
Leucanthemum adustum,flower head,flower head,
Leucanthemum halleri,flower head,flower head,
Leucanthemum superbum,flower head,flower head,
Leucanthemum vulgare,flower head,flower head,
Liatris pycnostachya,bell flower,bell flowers,
Ligusticum mutellina,disk flowers with nectar open,disk flowers open,
Ligustrum lucidum,funnel flower,funnel flowers,
Ligustrum vulgare,funnel flower,funnel flowers,
Lilium bulbiferum,bell shaped flowers with sticky pollen,bell flowers,
Lilium martagon,bell flower,bell flowers,
Limonium,stalk disk flower,stalk disk flowers,
Limonium minutum,stalk disk flower,stalk disk flowers,
Limonium sinuatum,stalk disk flower,stalk disk flowers,
Linaria alpina,lip flower,lip flowers,
Linaria propinqua,lip flower,lip flowers,
Linaria purpurea,lip flower,lip flowers,
Linaria repens,lip flower,lip flowers,
Linaria viscosa,lip flower,lip flowers,
Linaria vulgaris,lip flower,lip flowers,
Linum,disk flower hidden,disk flowers hidden,
Linum austriacum,disk flower hidden,disk flowers hidden,
Linum bienne,#N/A,disk flowers hidden,
Linum catharticum,disk flower hidden,disk flowers hidden,
Linum flavum,disk flowers with nectar ± hidden nectaries at base of stamens,disk flowers hidden,
Linum hirsutum,#N/A,disk flowers hidden,
Linum nervosum,#N/A,disk flowers hidden,
Linum perenne,disk flowers with nectar ± hidden nectaries at base of stamens,disk flowers hidden,
Linum strictum,#N/A,disk flowers hidden,
Linum tenuifolium,disk flower hidden,disk flowers hidden,
Linum trigynum,#N/A,disk flowers hidden,
Linum usitatissimum,disk flower hidden,disk flowers hidden,
Liriodendron tulipifera,disk flower hidden,disk flowers hidden,
Listera ovata,lip flowers,lip flowers,
Lithospermum officinale,stalk disc flowers,stalk disk flowers,
Lobularia maritima,disk flower open,disk flowers hidden,
Lolium perenne,not applicable,wind flowers,grass
Loncomelos pyrenaicus,#N/A,disk flowers open,
Lonicera,lip flower,lip flowers,
Lonicera implexa,lip flower,lip flowers,
Lonicera ligustrina,lip flower,lip flowers,
Lonicera periclymenum,lip flower,lip flowers,
Lonicera tatarica,lip flower,lip flowers,
Lonicera xylosteum,lip flower,lip flowers,
Lotus,#N/A,flag flowers,
Lotus angustissimus,#N/A,flag flowers,
Lotus corniculatus,flag flower,flag flowers,
Lotus cytisoides,flag flower,flag flowers,
Lotus dorycnium,flag flower,flag flowers,
Lotus edulis,flag flower,flag flowers,
Lotus fulgurans,flag flower,flag flowers,
Lotus germanicus,flag flower,flag flowers,
Lotus ornithopodioides,flag flower,flag flowers,
Lotus pedunculatus,flag flower,flag flowers,
Lotus peregrinus,flag flower,flag flowers,
Lotus tetragonolobus,#N/A,flag flowers,
Lupinus,flag flower,flag flowers,
Lupinus albus,flag flower,flag flowers,
Lupinus angustifolius,flag flower,flag flowers,
Lupinus gussoneanus,flag flower,flag flowers,
Lupinus polyphyllus,flag flower,flag flowers,
Luzula glabrata,not applicable,wind flowers,grass
Luzula luzulina,not applicable,wind flowers,grass
Luzula multiflora,not applicable,wind flowers,grass
Luzula pilosa,not applicable,wind flowers,grass
Luzula sylvatica,not applicable,wind flowers,grass
Lycium schweinfurthii,stalk disk flower,stalk disk flowers,
Lycopus europaeus,funnel flowers,funnel flowers,
Lysimachia arvensis,pollen flower,pollen flowers,
Lysimachia foemina,#N/A,pollen flowers,
Lysimachia nemorum,pollen flower,pollen flowers,
Lysimachia nummularia,pollen flower,pollen flowers,
Lysimachia punctata,pollen flower,pollen flowers,
Lysimachia vulgaris,pollen flower,pollen flowers,
Lythrum junceum,funnel flower,funnel flowers,
Lythrum salicaria,funnel flower,funnel flowers,
Magnolia denudata,disk flower hidden,disk flowers hidden,
Magnolia stellata,disk flower hidden,disk flowers hidden,
Mahonia aquifolium,disk flowers with nectar ± hidden nectaries at base of petals,disk flowers hidden,
Mahonia japonica,bell flower,bell flowers,
Maianthemum bifolium,disk flowers with nectar open,disk flowers open,
Malaxis monophyllos,lip flowers,lip flowers,
Malcolmia triloba,#N/A,stalk disk flowers,
Malus,disk flower hidden,disk flowers hidden,
Malus domestica,disk flower hidden,disk flowers hidden,
Malus prunifolia,disk flower hidden,disk flowers hidden,
Malus sylvestris,disk flower hidden,disk flowers hidden,
Malva,disk flower hidden,disk flowers hidden,
Malva alcea,disk flower hidden,disk flowers hidden,
Malva arborea,disk flower hidden,disk flowers hidden,
Malva moschata,disk flower hidden,disk flowers hidden,
Malva neglecta,disk flower hidden,disk flowers hidden,
Malva subovata,disk flower hidden,disk flowers hidden,
Malva sylvestris,disk flower hidden,disk flowers hidden,
Malva thuringiaca,disk flower hidden,disk flowers hidden,
Malva trimestris,disk flower hidden,disk flowers hidden,
Malva unguiculata,disk flower hidden,disk flowers hidden,
Matricaria,#N/A,flower head,
Matricaria chamomilla,flower head,flower head,
Matricaria discoidea,flower heads,flower head,
Medicago,flag flower,flag flowers,
Medicago arabica,flag flower,flag flowers,
Medicago arborea,flag flower,flag flowers,
Medicago disciformis,flag flower,flag flowers,
Medicago falcata,flag flower,flag flowers,
Medicago littoralis,flag flower,flag flowers,
Medicago lupulina,flag flower,flag flowers,
Medicago marina,flag flower,flag flowers,
Medicago minima,flag blossom,flag flowers,
Medicago sativa,flag flower,flag flowers,
Melampyrum,lip flower,lip flowers,
Melampyrum arvense,lip flower,lip flowers,
Melampyrum italicum,lip flower,lip flowers,
Melampyrum nemorosum,lip flower,lip flowers,
Melampyrum pratense,lip flower,lip flowers,
Melampyrum sylvaticum,lip flower,lip flowers,
Melica nutans,not applicable,wind flowers,grass
Melilotus albus,flag flower,flag flowers,
Melilotus italicus,flag flower,flag flowers,
Melilotus neapolitanus,flag flower,flag flowers,
Melilotus officinalis,flag flower,flag flowers,
Melilotus sulcatus,#N/A,flag flowers,
Melissa officinalis,lip flower,lip flowers,
Mentha,funnel flower,funnel flowers,
Mentha aquatica,funnel flower,funnel flowers,
Mentha arvensis,funnel flower,funnel flowers,
Mentha longifolia,funnel flower,funnel flowers,
Mentha piperita,funnel flowers,funnel flowers,
Mentha pulegium,funnel flower,funnel flowers,
Mentha spicata,funnel flower,funnel flowers,
Mentha suaveolens,funnel flower,funnel flowers,
Mercurialis,lip flower,lip flowers,
Mercurialis annua,lip flower,lip flowers,
Mercurialis perennis,not applicable,lip flowers,
Merendera filifolia,#N/A,funnel flowers,
Micromeria,lip flower,lip flowers,
Micromeria nervosa,lip flower,lip flowers,
Mimosa,pollen flower,pollen flowers,
Minuartia recurva,#N/A,disk flowers hidden,
Minuartia sedoides,disk flowers with nectar ± hidden nectaries at base of stamens,disk flowers hidden,
Minuartia verna,disk flowers with nectar ± hidden nectaries at base of stamens,disk flowers hidden,
Moehringia ciliata,disk flowers with nectar ± hidden nectaries at base of stamens,disk flowers hidden,
Moehringia muscosa,disk flowers with nectar ± hidden nectaries at base of stamens,disk flowers hidden,
Moehringia trinervia,disk flowers with nectar ± hidden nectaries at base of stamens,disk flowers hidden,
Moenchia erecta,0,funnel flowers,
Molinia caerulea,not applicable,wind flowers,grass
Moraea sisyrinchium,lip flower,lip flowers,
Muscari botryoides,bell flower,bell flowers,
Muscari comosum,bell flower,bell flowers,
Muscari neglectum,bell shaped flowers with sticky pollen,bell flowers,
Muscari weissii,bell flower,bell flowers,
Mutellina purpurea,disk flower open,disk flowers open,
Myosotis,stalk disk flower,stalk disk flowers,
Myosotis alpestris,stalk disk flower,stalk disk flowers,
Myosotis arvensis,stalk disk flower,stalk disk flowers,
Myosotis incrassata,#N/A,stalk disk flowers,
Myosotis martini,stalk disk flower,stalk disk flowers,
Myosotis nemorosa,stalk disc flowers,stalk disk flowers,
Myosotis ramosissima,stalk disk flower,stalk disk flowers,
Myosotis scorpioides,stalk disk flower,stalk disk flowers,
Myosotis sparsiflora,stalk disc flowers,stalk disk flowers,
Myosotis sylvatica,stalk disk flower,stalk disk flowers,
NA,#N/A,NA,
Narcissus,stalk disk flower,stalk disk flowers,
Narcissus papyraceus,stalk disk flower,stalk disk flowers,
Narcissus serotinus,#N/A,stalk disk flowers,
Narcissus tazetta,stalk disk flower,stalk disk flowers,
Narthecium ossifragum,pollen flower,pollen flowers,
Nepeta,lip flower,lip flowers,
Nepeta cataria,lip flower,lip flowers,
Nepeta racemosa,lip flower,lip flowers,
Nerium oleander,#N/A,stalk disk flowers,
Nicandra physalodes,funnel flower,bell flowers,
Nigella,#N/A,disk flowers hidden,
Nigella damascena,disk flower hidden,disk flowers hidden,
Nigritella nigra,flower heads,flower head,
Nigritella rhellicani,flower heads,flower head,
Notobasis syriaca,#N/A,flower head,
Odontites vernus,lip flower,lip flowers,
Odontites vulgaris,lip flower,lip flowers,
Oenanthe pimpinelloides,pollen flower,pollen flowers,
Oenothera,pollen flower,pollen flowers,
Oenothera biennis,pollen flower,stalk disk flowers,
Oenothera glazioviana,stalk disc flowers,stalk disk flowers,
Oenothera parviflora,stalk disc flowers,stalk disk flowers,
Omphalodes verna,stalk disc flowers,stalk disk flowers,
Onobrychis aequidentata,#N/A,flag flowers,
Onobrychis caput-galli,#N/A,flag flowers,
Onobrychis montana,flag flower,flag flowers,
Onobrychis viciifolia,flag flower,flag flowers,
Ononis arvensis,flag flower,flag flowers,
Ononis natrix,flag blossom,flag flowers,
Ononis pubescens,flag flower,flag flowers,
Ononis repens,flag blossom,flag flowers,
Ononis spinosa,flag flower,flag flowers,
Ononis viscosa,#N/A,flag flowers,
Onopordum,flower head,flower head,
Onopordum acanthium,flower head,flower head,
Onopordum tauricum,flower head,flower head,
Onosma aucheriana,#N/A,bell flowers,
Ophrys bombyliflora,#N/A,lip flowers,
Ophrys insectifera,lip flowers,lip flowers,
Ophrys lutea,#N/A,lip flowers,
Ophrys speculum,#N/A,lip flowers,
Ophrys tenthredinifera,#N/A,lip flowers,
Orchis mascula,lip flowers,lip flowers,
Orchis ustulata,lip flowers,lip flowers,
Oreomecon alpina,pollen flower,pollen flowers,
Origanum onites,lip flower,lip flowers,
Origanum vulgare,lip flower,lip flowers,
Ornithogalum,#N/A,disk flowers hidden,
Ornithogalum montanum,#N/A,disk flowers hidden,
Ornithogalum narbonense,disk flower hidden,disk flowers hidden,
Ornithogalum nutans,disk flowers with nectar ± hidden nectaries at or in ovary,disk flowers hidden,
Ornithogalum pyramidale,disk flower hidden,disk flowers hidden,
Ornithogalum pyrenaicum,disk flowers with nectar ± hidden nectaries at or in ovary,disk flowers hidden,
Ornithogalum umbellatum,disk flower hidden,disk flowers hidden,
Orobanche,#N/A,lip flowers,
Orobanche minor,lip flowers,lip flowers,
Orobanche ramosa,lip flower,lip flowers,
Osmanthus,#N/A,funnel flowers,
Osyris lanceolata,flower head,flower head,
Oxalis acetosella,disk flower hidden,disk flowers hidden,
Oxalis articulata,disk flower hidden,disk flowers hidden,
Oxalis corniculata,disk flower hidden,disk flowers hidden,
Oxalis debilis,disk flower hidden,disk flowers hidden,
Oxalis pes-caprae,disk flower hidden,disk flowers hidden,
Oxalis stricta,#N/A,disk flowers hidden,
Oxytropis montana,flag flower,flag flowers,
Oxytropis pilosa,flag blossom,flag flowers,
Paeonia,#N/A,pollen flowers,
Pallenis maritima,flower head,flower head,
Pallenis spinosa,flower head,flower head,
Papaver,pollen flower,pollen flowers,
Papaver alpinum,pollen flower,pollen flowers,
Papaver aurantiacum,#N/A,pollen flowers,
Papaver dubium,pollen flower,pollen flowers,
Papaver rhoeas,pollen flower,pollen flowers,
Papaver rhoehas,#N/A,pollen flowers,
Papaver somniferum,pollen flower,pollen flowers,
Parentucellia viscosa,lip flower,lip flowers,
Paris quadrifolia,pollen flower,pollen flowers,
Parnassia palustris,disk flower open,disk flowers open,
Parthenocissus quinquefolia,pollen flower,pollen flowers,
Pastinaca sativa,disk flower open,disk flowers open,
Pedicularis comosa,#N/A,bell flowers,
Pedicularis palustris,true lip flowers,lip flowers,
Pedicularis rostratocapitata,true lip flowers,lip flowers,
Pedicularis rostratospicata,lip flower,lip flowers,
Pedicularis sylvatica,lip flower,lip flowers,
Pelargonium,disk flower open,disk flowers open,
Penstemon,bell flower,bell flowers,
Pentaglottis sempervirens,disk flower open,stalk disk flowers,
Pentanema britannica,pollen flower,pollen flowers,
Pentanema ensifolium,flower head,flower head,
Pentanema salicinum,pollen flower,pollen flowers,
Pentanema squarrosum,pollen flower,pollen flowers,
Persea americana,pollen flower,pollen flowers,
Persicaria lapathifolia,bell flower,bell flowers,
Persicaria maculosa,bell flower,bell flowers,
Persicaria orientalis,bell flower,bell flowers,
Petasites albus,flower head,flower head,
Petrorhagia dubia,funnel flower,funnel flowers,
Petrorhagia prolifera,funnel flowers,funnel flowers,
Petrorhagia saxifraga,funnel flower,stalk disk flowers,
Petrosedum sediforme,disk flower open,disk flowers open,
Petroselinum segetum,#N/A,disk flowers open,
Petunia hybrida,#N/A,funnel flowers,
Peucedanum officinale,disk flower open,disk flowers open,
Peucedanum oreoselinum,disk flower open,disk flowers open,
Peucedanum ostruthium,disk flowers with nectar open,disk flowers open,
Phacelia tanacetifolia,funnel flower,funnel flowers,
Phagnalon,#N/A,flower head,
Phagnalon rupestre,flower head,flower head,
Phagnalon saxatile,#N/A,flower head,
Phaseolus vulgaris,flag flower,flag flowers,
Phedimus hybridus,pollen flower,pollen flowers,
Phelipanche oxyloba,#N/A,bell flowers,
Philadelphus coronarius,disk flower hidden,disk flowers hidden,
Philadelphus incanus,disk flower hidden,disk flowers hidden,
Phleum pratense,not applicable,wind flowers,grass
Phleum rhaeticum,not applicable,wind flowers,grass
Phlomis fruticosa,lip flower,lip flowers,
Phlomis lychnitis,#N/A,lip flowers,
Phlomis purpurea,lip flower,lip flowers,
Photinia,flower head,flower head,
Photinia serratifolia,flower head,flower head,
Physalis peruviana,funnel flower,funnel flowers,
Physocarpus opulifolius,pollen flower,disk flowers hidden,
Phyteuma betonicifolium,flower head,flower head,
Phyteuma orbiculare,flower head,flower head,
Phyteuma scorzonerifolium,flower head,flower head,
Phyteuma spicatum,flower head,flower head,
Phytolacca americana,pollen flower,disk flowers open,
Picris hieracioides,flower head,flower head,
Picris rhagadioloides,flower head,flower head,
Pieris,bell flower,bell flowers,
Pilosella,flower head,flower head,
Pilosella aurantiaca,flower head,flower head,
Pilosella hypeurya,#N/A,flower head,
Pilosella officinarum,flower head,flower head,
Pilosella piloselloides,flower head,flower head,
Pimpinella,#N/A,disk flowers open,
Pimpinella anisum,#N/A,disk flowers open,
Pimpinella cretica,disk flower open,disk flowers open,
Pimpinella major,disk flower open,disk flowers open,
Pimpinella peregrina,disk flower open,disk flowers open,
Pimpinella saxifraga,disk flower open,disk flowers open,
Pinguicula alpina,lip flower,lip flowers,
Pinguicula grandiflora,lip flower,lip flowers,
Pistacia lentiscus,flower head,flower head,
Plantago,wind flower,wind flowers,grass
Plantago coronopus,wind flower,wind flowers,grass
Plantago lagopus,wind flower,wind flowers,grass
Plantago lanceolata,wind flower,wind flowers,grass
Plantago major,wind flower,wind flowers,grass
Plantago media,wind flower,wind flowers,grass
Platanthera bifolia,lip flowers,lip flowers,
Platanthera chlorantha,lip flowers,lip flowers,
Platycodon grandiflorus,funnel flower,funnel flowers,
Plumbago auriculata,stalk disk flower,stalk disk flowers,
Poa alpina,not applicable,wind flowers,grass
Poa annua,not applicable,wind flowers,grass
Poa pratensis,not applicable,wind flowers,grass
Poa trivialis,not applicable,wind flowers,grass
Podospermum roseum,#N/A,flower head,
Polygala,flag flower,flag flowers,
Polygala alpestris,flag flower,flag flowers,
Polygala amara,flag flower,flag flowers,
Polygala amarella,non Fabaceae flag blossom,flag flowers,
Polygala calcarea,non Fabaceae flag blossom,flag flowers,
Polygala comosa,flag flower,flag flowers,
Polygala fruticosa,flag flower,flag flowers,
Polygala major,#N/A,flag flowers,
Polygala nicaeensis,#N/A,flag flowers,
Polygala rupestris,#N/A,flag flowers,
Polygala vulgaris,flag flower,flag flowers,
Polygaloides chamaebuxus,flag flower,flag flowers,
Polygonatum multiflorum,bell flower,bell flowers,
Polygonatum odoratum,bell shaped flowers with sticky pollen,bell flowers,
Polygonatum verticillatum,bell flower,bell flowers,
Polygonum,bell flower,bell flowers,
Polygonum aviculare,bell flower,bell flowers,
Polygonum maritimum,bell flower,bell flowers,
Polygonum multiflorum,#N/A,bell flowers,
Polygonum persicaria,#N/A,bell flowers,
Portulaca oleracea,disk flower open,disk flowers hidden,
Potentilla,disk flower hidden,disk flowers hidden,
Potentilla argentea,disk flower hidden,disk flowers hidden,
Potentilla aurea,disk flower hidden,disk flowers hidden,
Potentilla brauneana,disk flower hidden,disk flowers hidden,
Potentilla erecta,disk flower hidden,disk flowers hidden,
Potentilla heptaphylla,disk flowers with nectar ± hidden in centre of flower,disk flowers hidden,
Potentilla incana,disk flower hidden,disk flowers hidden,
Potentilla montana,disk flower hidden,disk flowers hidden,
Potentilla neumanniana,#N/A,disk flowers hidden,
Potentilla nitida,#N/A,disk flowers hidden,
Potentilla pentaphylla,#N/A,disk flowers hidden,
Potentilla recta,disk flower hidden,disk flowers hidden,
Potentilla reptans,disk flower hidden,disk flowers hidden,
Potentilla sterilis,disk flower hidden,disk flowers hidden,
Potentilla verna,disk flower hidden,disk flowers hidden,
Prasium majus,lip flower,lip flowers,
Prenanthes purpurea,flower head,flower head,
Primula auricula,stalk disk flower,stalk disk flowers,
Primula elatior,stalk disk flower,stalk disk flowers,
Primula farinosa,stalk disk flower,stalk disk flowers,
Primula minima,stalk disk flower,stalk disk flowers,
Primula veris,stalk disk flower,stalk disk flowers,
Primula vulgaris,stalk disk flower,stalk disk flowers,
Pritzelago alpina,disk flowers with nectar ± hidden nectaries at base of stamens,disk flowers hidden,
Prospero autumnale,#N/A,disk flowers open,
Prunella grandiflora,lip flower,lip flowers,
Prunella laciniata,lip flower,lip flowers,
Prunella vulgaris,lip flower,lip flowers,
Prunus,disk flower hidden,disk flowers hidden,
Prunus avium,disk flower hidden,disk flowers hidden,
Prunus cerasus,disk flowers with nectar ± hidden in centre of flower,disk flowers hidden,
Prunus domestica,disk flower hidden,disk flowers hidden,
Prunus laurocerasus,disk flower hidden,disk flowers hidden,
Prunus mahaleb,disk flower hidden,disk flowers hidden,
Prunus padus,disk flower hidden,disk flowers hidden,
Prunus serrulata,#N/A,disk flowers hidden,
Prunus spicata,disk flower hidden,disk flowers hidden,
Prunus spinosa,disk flower hidden,disk flowers hidden,
Psammophiliella muralis,disk flower open,disk flowers open,
Pseudodictamnus acetabulosus,lip flower,lip flowers,
Pseudopodospermum elatum,flower head,flower head,
Pseudorchis albida,lip flowers,lip flowers,
Pterocephalus plumosus,#N/A,flower head,
Pulicaria dysenterica,flower head,flower head,
Pulicaria odora,flower head,flower head,
Pulmonaria officinalis,stalk disk flower,stalk disk flowers,
Pulsatilla,#N/A,bell flowers,
Pulsatilla alpina,bell shaped flowers with sticky pollen,bell flowers,
Pulsatilla vulgaris,bell shaped flowers with sticky pollen,bell flowers,
Punica granatum,bell flower,bell flowers,
Pycnocomon intermedium,flower head,flower head,
Pyracantha,disk flower hidden,disk flowers hidden,
Pyrola rotundifolia,bell shaped flowers with powdery pollen,bell flowers,
Pyrus communis,bell flower,disk flowers hidden,
Quercus coccifera,flower head,flower head,
Quercus ilex,flower head,flower head,
Quercus suber,flag flower,flag flowers,
Rabelera holostea,disk flower hidden,disk flowers hidden,
Ranunculus,disk flower hidden,disk flowers hidden,
Ranunculus aconitifolius,disk flowers with nectar ± hidden nectaries at base of petals,disk flowers hidden,
Ranunculus acris,disk flower hidden,disk flowers hidden,
Ranunculus alpestris,disk flower hidden,disk flowers hidden,
Ranunculus auricomus,disk flower hidden,disk flowers hidden,
Ranunculus breyninus,disk flower hidden,disk flowers hidden,
Ranunculus bulbosus,disk flower hidden,disk flowers hidden,
Ranunculus ficaria,disk flower hidden,disk flowers hidden,
Ranunculus flammula,disk flowers with nectar ± hidden nectaries at base of petals,disk flowers hidden,
Ranunculus montanus,disk flower hidden,disk flowers hidden,
Ranunculus paludosus,disk flower hidden,disk flowers hidden,
Ranunculus parviflorus,#N/A,disk flowers hidden,
Ranunculus platanifolius,disk flower hidden,disk flowers hidden,
Ranunculus polyanthemos,disk flower hidden,disk flowers hidden,
Ranunculus polyanthemus,#N/A,disk flowers hidden,
Ranunculus repens,disk flower hidden,disk flowers hidden,
Ranunculus reptans,disk flowers with nectar ± hidden nectaries at base of petals,disk flowers hidden,
Ranunculus sceleratus,disk flowers with nectar ± hidden nectaries at base of petals,disk flowers hidden,
Ranunculus tuberosus,#N/A,disk flowers hidden,
Ranunculusï¿½paludosus,#N/A,disk flowers hidden,
Raphanus raphanistrum,disk flower hidden,disk flowers hidden,
Reichardia intermedia,#N/A,flower head,
Reichardia picroides,flower head,flower head,
Reichardia tingitana,flower head,flower head,
Reseda,disk flower hidden,disk flowers hidden,
Reseda alba,disk flower hidden,disk flowers hidden,
Reseda lutea,disk flower hidden,disk flowers hidden,
Reseda luteola,disk flower hidden,disk flowers hidden,
Reseda phyteuma,#N/A,disk flowers hidden,
Retama sphaerocarpa,#N/A,flag flowers,
Rhagadiolus stellatus,#N/A,flower head,
Rheum rhabarbarum,disk flower hidden,disk flowers hidden,
Rhinanthus,#N/A,lip flowers,
Rhinanthus alectorolophus,lip flower,lip flowers,
Rhinanthus angustifolius,true lip flowers,lip flowers,
Rhinanthus freynii,lip flower,lip flowers,
Rhinanthus glacialis,lip flower,lip flowers,
Rhinanthus major,lip flower,lip flowers,
Rhinanthus minor,lip flower,lip flowers,
Rhinanthus rumelicus,lip flower,lip flowers,
Rhododendron,bell flower,bell flowers,
Rhododendron davidi,bell flower,bell flowers,
Rhododendron hirsutum,bell flower,bell flowers,
Rhodothamnus chamaecistus,lip flower,lip flowers,
Rhus,wind flower,disk flowers open,
Ribes,#N/A,bell flowers,
Ribes nigrum,bell flower,bell flowers,
Ribes rubrum,bell shaped flowers with sticky pollen,bell flowers,
Ribes sanguineum,bell flower,bell flowers,
Ribes uva-crispa,bell flower,bell flowers,
Robinia pseudoacacia,flag flower,flag flowers,
Rorippa amphibia,disk flower hidden,disk flowers hidden,
Rorippa sylvestris,disk flower hidden,disk flowers hidden,
Rorippa x,#N/A,NA,
Rosa,pollen flower,pollen flowers,
Rosa canina,pollen flower,pollen flowers,
Rosa corymbifera,pollen flower,pollen flowers,
Rosa dumalis,pollen flower,pollen flowers,
Rosa multiflora,pollen flower,pollen flowers,
Rosa rubiginosa,pollen flower,pollen flowers,
Rosa sempervirens,#N/A,pollen flowers,
Rubia tinctorum,#N/A,funnel flowers,
Rubus,disk flower hidden,disk flowers hidden,
Rubus armeniacus,disk flower hidden,disk flowers hidden,
Rubus caesius,disk flower hidden,disk flowers hidden,
Rubus fruticosus,disk flower hidden,disk flowers hidden,
Rubus idaeus,disk flower hidden,disk flowers hidden,
Rubus ulmifolius,disk flower hidden,disk flowers hidden,
Rubus vestitus,disk flowers with nectar ± hidden in centre of flower,disk flowers hidden,
Rudbeckia hirta,flower head,flower head,
Rumex,wind flower,wind flowers,grass
Rumex acetosa,wind flower,wind flowers,grass
Rumex acetosella,wind flower,wind flowers,grass
Rumex alpestris,#N/A,wind flowers,grass
Rumex conglomeratus,not applicable,wind flowers,grass
Rumex obtusifolius,wind flower,wind flowers,grass
Rumex scutatus,wind flower,wind flowers,grass
Ruta angustifolia,#N/A,disk flowers open,
Ruta montana,disk flower open,disk flowers open,
Sagina procumbens,disk flowers with nectar ± hidden nectaries at base of stamens,disk flowers hidden,
Sagina saginoides,disk flowers with nectar ± hidden nectaries at base of stamens,disk flowers hidden,
Salix,brush flower,brush flowers,
Salix alba,brush flower,brush flowers,
Salix caprea,0,brush flowers,
Salix retusa,brush flower,brush flowers,
Salix viminalis,brush flower,brush flowers,
Salvia,lip flower,lip flowers,
Salvia coccinea,lip flower,lip flowers,
Salvia elegans,lip flower,lip flowers,
Salvia farinacea,lip flower,lip flowers,
Salvia fruticosa,lip flower,lip flowers,
Salvia glutinosa,lip flower,lip flowers,
Salvia microphylla,lip flower,lip flowers,
Salvia nemorosa,lip flower,lip flowers,
Salvia nubicola,lip flower,lip flowers,
Salvia officinalis,lip flower,lip flowers,
Salvia pratensis,lip flower,lip flowers,
Salvia rosmarinus,lip flower,lip flowers,
Salvia verbenaca,lip flower,lip flowers,
Salvia verticillata,lip flower,lip flowers,
Salvia viridis,lip flower,lip flowers,
Salvia yangii,lip flower,lip flowers,
Sambucus nigra,pollen flower,pollen flowers,
Sanguisorba minor,wind flower,disk flowers hidden,
Sanguisorba officinalis,disk flower hidden,disk flowers hidden,
Sanicula europaea,pollen flower,disk flowers open,
Santolina chamaecyparissus,flower head,flower head,
Saponaria officinalis,stalk disk flower,stalk disk flowers,
Satureja hortensis,lip flower,lip flowers,
Satureja montana,lip flower,lip flowers,
Satureja thymbra,lip flower,lip flowers,
Saxifraga,#N/A,disk flowers open,
Saxifraga aizoides,disk flower open,disk flowers open,
Saxifraga androsacea,disk flower open,disk flowers open,
Saxifraga caesia,disk flower open,disk flowers open,
Saxifraga granulata,disk flower hidden,disk flowers hidden,
Saxifraga paniculata,disk flowers with nectar open,disk flowers open,
Saxifraga rotundifolia,disk flower open,disk flowers open,
Saxifraga stellaris,disk flowers with nectar open,disk flowers open,
Saxifraga tridactylites,disk flowers with nectar open,disk flowers open,
Scabiosa atropurpurea,flower head,flower head,
Scabiosa canescens,flower head,flower head,
Scabiosa columbaria,flower head,flower head,
Scabiosa lucida,flower head,flower head,
Scabiosa ochroleuca,flower head,flower head,
Scabiosa triandra,flower head,flower head,
Scabiosa triandra-group,#N/A,flower head,
Scandix pecten-veneris,disk flower open,disk flowers open,
Scilla siberica,disk flowers with nectar ± hidden nectaries at or in ovary,disk flowers hidden,
Scilla verna,disk flower hidden,disk flowers hidden,
Scolymus hispanicus,flower head,flower head,
Scorpiurus,#N/A,flag flowers,
Scorpiurus muricatus,#N/A,flag flowers,
Scorzonera humilis,flower head,flower head,
Scorzoneroides autumnalis,flower head,flower head,
Scrophularia auriculata,lip flower,lip flowers,
Scrophularia canina,lip flower,lip flowers,
Scrophularia nodosa,lip flower,lip flowers,
Scutellaria altissima,lip flower,lip flowers,
Sedum,disk flower hidden,disk flowers hidden,
Sedum acre,disk flower hidden,disk flowers hidden,
Sedum album,disk flower hidden,disk flowers hidden,
Sedum anglicum,disk flower hidden,disk flowers hidden,
Sedum atratum,disk flowers with nectar ± hidden nectaries at or in ovary,disk flowers hidden,
Sedum sexangulare,disk flowers with nectar ± hidden nectaries at or in ovary,disk flowers hidden,
Sempervivum,disk flower open,disk flowers open,
Senecio,#N/A,flower head,
Senecio abrotanifolius,flower heads,flower head,
Senecio inaequidens,flower head,flower head,
Senecio leucanthemifolius,flower head,flower head,
Senecio nemorensis,flower head,flower head,
Senecio ovatus,flower head,flower head,
Senecio rupestris,flower head,flower head,
Senecio sylvaticus,flower head,flower head,
Senecio varicosus,flower head,flower head,
Senecio vernalis,flower head,flower head,
Senecio vulgaris,flower head,flower head,
Senna corymbosa,flag flower,flag flowers,
Serapias,#N/A,lip flowers,
Serratula tinctoria,flower head,flower head,
Sesamoides interrupta,disk flower hidden,disk flowers hidden,
Seseli annuum,disk flower open,disk flowers open,
Seseli pallasii,#N/A,disk flowers open,
Seseli peucedanoides,#N/A,disk flowers open,
Sesleria albicans,not applicable,wind flowers,grass
Sesleria caerulea,#N/A,wind flowers,grass
Sherardia arvensis,funnel flower,funnel flowers,
Sida rhombifolia,disk flower open,disk flowers open,
Sideritis romana,lip flower,lip flowers,
Sideritis scardica,lip flower,lip flowers,
Silene,#N/A,stalk disk flowers,
Silene acaulis,stalk disk flower,stalk disk flowers,
Silene alpestris,#N/A,stalk disk flowers,
Silene behen,#N/A,stalk disk flowers,
Silene colorata,stalk disk flower,stalk disk flowers,
Silene coronaria,stalk disk flower,stalk disk flowers,
Silene dioica,stalk disk flower,stalk disk flowers,
Silene flos-cuculi,stalk disk flower,stalk disk flowers,
Silene gallica,stalk disk flower,stalk disk flowers,
Silene latifolia,stalk disk flower,stalk disk flowers,
Silene noctiflora,stalk disc flowers,stalk disk flowers,
Silene nutans,stalk disk flower,stalk disk flowers,
Silene pratensis,#N/A,stalk disk flowers,
Silene saxifraga,stalk disk flower,stalk disk flowers,
Silene viscosa,stalk disc flowers,stalk disk flowers,
Silene vulgaris,stalk disk flower,stalk disk flowers,
Siler montanum,disk flower open,disk flowers open,
Sinapis,#N/A,disk flowers open,
Sinapis alba,disk flower open,disk flowers open,
Sison amomum,#N/A,disk flowers open,
Sisymbrium loeselii,stalk disk flower,disk flowers hidden,
Sisymbrium officinale,stalk disk flower,disk flowers hidden,
Smyrnium olusatrum,pollen flower,pollen flowers,
Smyrnium perfoliatum,pollen flower,disk flowers open,
Solanum dulcamara,pollen flower,pollen flowers,
Solanum lycopersicum,pollen flower,pollen flowers,
Solanum nigrum,pollen flower,pollen flowers,
Solanum salicifolium,#N/A,pollen flowers,
Solanum tuberosum,pollen flower,pollen flowers,
Soldanella alpina,bell flower,bell flowers,
Solidago,flower head,flower head,
Solidago canadensis,flower head,flower head,
Solidago virgaurea,flower head,flower head,
Sonchus,flower head,flower head,
Sonchus arvensis,flower head,flower head,
Sonchus asper,flower head,flower head,
Sonchus bulbosus,flower head,flower head,
Sonchus oleraceus,flower head,flower head,
Sonchus tenerrimus,flower head,flower head,
Sorbus aucuparia,disk flower hidden,disk flowers hidden,
Spartium junceum,lip flower,lip flowers,
Spiraea,disk flower hidden,disk flowers hidden,
Spiraea arguta,disk flower hidden,disk flowers hidden,
Spiraea billardii,disk flower hidden,disk flowers hidden,
Spiraea blumei,disk flower hidden,disk flowers hidden,
Spiraea japonica,disk flower hidden,disk flowers hidden,
Stachys alopecuros,#N/A,lip flowers,
Stachys alpina,lip flower,lip flowers,
Stachys annua,true lip flowers,lip flowers,
Stachys arvensis,true lip flowers,lip flowers,
Stachys byzantina,lip flower,lip flowers,
Stachys cretica,lip flower,lip flowers,
Stachys palustris,lip flower,lip flowers,
Stachys recta,lip flower,lip flowers,
Stachys sylvatica,lip flower,lip flowers,
Stellaria,disk flower hidden,disk flowers hidden,
Stellaria aquatica,disk flower hidden,disk flowers hidden,
Stellaria graminea,disk flower hidden,disk flowers hidden,
Stellaria media,disk flower hidden,disk flowers hidden,
Stellaria nemorum,disk flower hidden,disk flowers hidden,
Suaeda vera,pollen flower,pollen flowers,
Succisa pratensis,flower head,flower head,
Sulla coronaria,flag flower,flag flowers,
Symphoricarpos albus,bell flower,bell flowers,
Symphyotrichum,flower head,flower head,
Symphytum asperum,bell flower,bell flowers,
Symphytum officinale,bell flower,bell flowers,
Symphytum uplandicum,bell flower,bell flowers,
Syringa vulgaris,stalk disk flower,funnel flowers,
Tagetes,flower head,flower head,
Tagetes erecta,flower head,flower head,
Tamarix,disk flower hidden,disk flowers hidden,
Tamarix parviflora,disk flower open,disk flowers open,
Tanacetum,flower head,flower head,
Tanacetum corymbosum,flower head,flower head,
Tanacetum parthenium,flower head,flower head,
Tanacetum vulgare,flower head,flower head,
Taraxacum,flower head,flower head,
Taraxacum campylodes,flower head,flower head,
Taraxacum officinale,flower head,flower head,
Taraxacum palustre,flower head,flower head,
Telekia speciosa,flower head,flower head,
Tetrapanax papyrifer,pollen flower,pollen flowers,
Teucrium brevifolium,lip flower,lip flowers,
Teucrium capitatum,lip flower,lip flowers,
Teucrium chamaedrys,lip flower,lip flowers,
Teucrium divaricatum,lip flower,lip flowers,
Teucrium fruticans,lip flower,lip flowers,
Teucrium marum,lip flower,lip flowers,
Teucrium montanum,lip flower,lip flowers,
Teucrium pyrenaicum,lip flower,lip flowers,
Teucrium scorodonia,lip flower,lip flowers,
Thalictrum aquilegiifolium,brush flower,pollen flowers,
Thalictrum lucidum,brush flower,pollen flowers,
Thalictrum minus,pollen flower,pollen flowers,
Thapsia foetida,disk flower open,disk flowers open,
Thapsia villosa,disk flower open,disk flowers open,
Thesium alpinum,disk flowers with nectar ± hidden in centre of flower,disk flowers hidden,
Thesium bavarum,disk flowers with nectar ± hidden in centre of flower,disk flowers hidden,
Thesium linophyllon,disk flowers with nectar ± hidden in centre of flower,disk flowers hidden,
Thesium linophyllum,#N/A,disk flowers hidden,
Thlaspi arvense,disk flowers with nectar ± hidden nectaries at base of stamens,disk flowers hidden,
Thlaspi perfoliatum,disk flowers with nectar ± hidden nectaries at base of stamens,disk flowers hidden,
Thunbergia grandiflora,funnel flower,funnel flowers,
Thymbra capitata,lip flower,lip flowers,
Thymbra spicata,lip flower,lip flowers,
Thymelaea hirsuta,bell flower,bell flowers,
Thymelaea velutina,bell flower,bell flowers,
Thymus,lip flower,lip flowers,
Thymus comosus,#N/A,lip flowers,
Thymus odoratissimus,#N/A,lip flowers,
Thymus praecox,lip flower,lip flowers,
Thymus pulegioides,lip flower,lip flowers,
Thymus serpyllum,lip flower,lip flowers,
Thymus vulgaris,lip flower,lip flowers,
Tilia,#N/A,disk flowers open,
Tilia cordata,pollen flower,disk flowers open,
Tilia europaea,pollen flower,pollen flowers,
Tofieldia calyculata,disk flower open,disk flowers open,
Tofieldia pusilla,disk flowers with nectar open,disk flowers open,
Tolpis barbata,flower head,flower head,
Tolpis staticifolia,flower head,flower head,
Tolpis umbellata,#N/A,flower head,
Tordylium apulum,disk flower open,disk flowers open,
Torilis arvensis,disk flower open,disk flowers open,
Torilis japonica,disk flower open,disk flowers open,
Torilis nodosa,disk flowers with nectar open,disk flowers open,
Trachelospermum jasminoides,stalk disk flower,stalk disk flowers,
Tragopogon dubius,flower head,flower head,
Tragopogon orientalis,flower head,flower head,
Tragopogon porrifolius,flower heads,flower head,
Tragopogon pratensis,flower head,flower head,
Traunsteinera globosa,flower heads,flower head,
Trifolium,flag flower,flag flowers,
Trifolium alexandrinum,flag flower,flag flowers,
Trifolium alpestre,flag flower,flag flowers,
Trifolium alpinum,flag flower,flag flowers,
Trifolium angustifolium,flag flower,flag flowers,
Trifolium arvense,flag flower,flag flowers,
Trifolium aureum,flag flower,flag flowers,
Trifolium badium,flag flower,flag flowers,
Trifolium campestre,flag flower,flag flowers,
Trifolium clypeatum,flag flower,flag flowers,
Trifolium dubium,flag flower,flag flowers,
Trifolium fragiferum,flag flower,flag flowers,
Trifolium hybridum,flag flower,flag flowers,
Trifolium incarnatum,flag flower,flag flowers,
Trifolium medium,flag flower,flag flowers,
Trifolium montanum,flag flower,flag flowers,
Trifolium nigrescens,flag flower,flag flowers,
Trifolium ochroleucon,flag blossom,flag flowers,
Trifolium pannonicum,#N/A,flag flowers,
Trifolium pratense,flag flower,flag flowers,
Trifolium repens,flag flower,flag flowers,
Trifolium resupinatum,flag flower,flag flowers,
Trifolium rubens,flag blossom,flag flowers,
Trifolium scabrum,flag blossom,flag flowers,
Trifolium stellatum,flag flower,flag flowers,
Trifolium uniflorum,flag flower,flag flowers,
Trigonella balansae,flag flower,flag flowers,
Tripleurospermum,flower head,flower head,
Tripleurospermum conoclinium,#N/A,flower head,
Tripleurospermum inodorum,flower head,flower head,
Tripleurospermum maritimum,flower head,flower head,
Trisetum flavescens,not applicable,wind flowers,grass
Trollius europaeus,disk flower hidden,disk flowers hidden,
Tropaeolum majus,funnel flower,lip flowers,
Tuberaria,pollen flower,pollen flowers,
Tuberaria guttata,pollen flower,pollen flowers,
Tulipa,#N/A,bell flowers,
Tussilago farfara,flower head,flower head,
Ulex,flag flower,flag flowers,
Ulex australis,#N/A,flag flowers,
Ulex europaeus,flag flower,flag flowers,
Ulex gallii,flag flower,flag flowers,
Umbellularia californica,pollen flower,pollen flowers,
Urospermum dalechampii,flower head,flower head,
Urospermum picroides,flower head,flower head,
Urtica dioica,lip flower,lip flowers,
Vaccinium,#N/A,bell flowers,
Vaccinium myrtillus,bell flower,bell flowers,
Vaccinium vitis-idaea,bell flower,bell flowers,
Vachellia,pollen flower,pollen flowers,
Valeriana calcitrapae,funnel flower,funnel flowers,
Valeriana dioica,funnel flowers,funnel flowers,
Valeriana montana,funnel flower,funnel flowers,
Valeriana officinalis,funnel flower,funnel flowers,
Valeriana rubra,funnel flower,funnel flowers,
Valeriana saxatilis,funnel flower,funnel flowers,
Valeriana tripteris,funnel flower,funnel flowers,
Valerianella,#N/A,funnel flowers,
Valerianella locusta,funnel flowers,funnel flowers,
Valerianella vesicaria,funnel flower,funnel flowers,
Veratrum album,disk flowers with nectar open,disk flowers open,
Verbascum,#N/A,lip flowers,
Verbascum album,#N/A,lip flowers,
Verbascum alpinum,#N/A,lip flowers,
Verbascum chaixii,#N/A,lip flowers,
Verbascum densiflorum,lip flower,lip flowers,
Verbascum lasianthum,#N/A,lip flowers,
Verbascum levanticum,lip flower,lip flowers,
Verbascum lychnitis,lip flower,lip flowers,
Verbascum nigrum,lip flower,lip flowers,
Verbascum phlomoides,lip flower,lip flowers,
Verbascum sinuatum,lip flower,lip flowers,
Verbascum thapsus,lip flowers,lip flowers,
Verbena bonariensis,funnel flower,funnel flowers,
Verbena officinalis,funnel flower,funnel flowers,
Veronica,lip flower,lip flowers,
Veronica alpina,lip flower,lip flowers,
Veronica anagallis-aquatica,lip flowers,lip flowers,
Veronica aphylla,lip flower,lip flowers,
Veronica arvensis,lip flower,lip flowers,
Veronica austriaca,lip flower,lip flowers,
Veronica beccabunga,lip flowers,lip flowers,
Veronica chamaedrys,lip flower,lip flowers,
Veronica filiformis,lip flower,lip flowers,
Veronica fruticans,lip flowers,lip flowers,
Veronica hederifolia,lip flowers,lip flowers,
Veronica longifolia,lip flower,lip flowers,
Veronica montana,lip flower,lip flowers,
Veronica officinalis,lip flower,lip flowers,
Veronica orchidea,lip flower,lip flowers,
Veronica persica,lip flower,lip flowers,
Veronica polita,lip flowers,lip flowers,
Veronica praecox,lip flowers,lip flowers,
Veronica serpyllifolia,lip flower,lip flowers,
Veronica spicata,lip flower,lip flowers,
Veronica teucrium,lip flower,lip flowers,
Veronicastrum virginicum,pollen flower,pollen flowers,
Viburnum lantana,disk flower open,disk flowers open,
Viburnum opulus,disk flower open,disk flowers open,
Viburnum suspensum,disk flower open,disk flowers open,
Viburnum tinus,disk flower open,disk flowers open,
Vicia,#N/A,flag flowers,
Vicia angustifolia,flag blossom,flag flowers,
Vicia benghalensis,flag flower,flag flowers,
Vicia cracca,flag flower,flag flowers,
Vicia cretica,flag flower,flag flowers,
Vicia faba,flag flower,flag flowers,
Vicia hirsuta,flag flower,flag flowers,
Vicia hybrida,flag flower,flag flowers,
Vicia lutea,flag flower,flag flowers,
Vicia monantha,#N/A,flag flowers,
Vicia nigra,#N/A,flag flowers,
Vicia peregrina,flag flower,flag flowers,
Vicia pyrenaica,flag flower,flag flowers,
Vicia sativa,flag flower,flag flowers,
Vicia sepium,flag flower,flag flowers,
Vicia sylvatica,flag flower,flag flowers,
Vicia tenuifolia,flag blossom,flag flowers,
Vicia tetrasperma,flag flower,flag flowers,
Vicia villosa,flag flower,flag flowers,
Vinca difformis,stalk disk flower,stalk disk flowers,
Vinca major,stalk disk flower,stalk disk flowers,
Vinca minor,funnel flowers,funnel flowers,
Vincetoxicum hirundinaria,trap flower,trap flowers,
Viola,lip flower,lip flowers,
Viola arvensis,lip flower,lip flowers,
Viola biflora,lip flower,lip flowers,
Viola canina,lip flowers,lip flowers,
Viola collina,lip flowers,lip flowers,
Viola declinata,lip flower,lip flowers,
Viola hirta,lip flower,lip flowers,
Viola odorata,lip flower,lip flowers,
Viola reichenbachiana,lip flower,lip flowers,
Viola riviniana,lip flower,lip flowers,
Viola tricolor,lip flower,lip flowers,
Viscaria vulgaris,stalk disk flower,stalk disk flowers,
Vitex agnus-castus,lip flower,lip flowers,
Weigela florida,funnel flower,funnel flowers,
Weigela kosteriana,#N/A,funnel flowers,
Willemetia stipitata,flower head,flower head,
Wisteria floribunda,flag flower,flag flowers,
Wisteria sinensis,flag flower,flag flowers,
Withania frutescens,funnel flower,funnel flowers,
Xeranthemum,#N/A,flower head,
Xeranthemum cylindraceum,flower head,flower head,
Xolantha guttata,#N/A,pollen flowers,
Zantedeschia aethiopica,funnel flower,funnel flowers,
Ziziphus jujuba,pollen flower,pollen flowers,
Zygophyllum creticum,disk flower open,disk flowers open,
