"Study_Network_id","coverage_est"
"11_Clough_ASK_2021_2021",0.6335
"11_Clough_HAM_2021_2021",0.9103
"11_Clough_KOM_2021_2021",0.7593
"11_Clough_LOB_2021_2021",0.7269
"11_Clough_PET_2021_2021",0.7725
"11_Clough_TAG_2021_2021",0.8126
"12_Ockinger_Norrang_Ryckelsby_Og",0.8185
"12_Ockinger_Sattra_Og",0.8125
"12_Ockinger_St_Tadinge",0.8259
"12_Ockinger_Tjalinge_Skogstibble",0.7489
"20_Hoiss_H5_2010",0.8765
"20_Hoiss_H6_2010",0.8538
"20_Hoiss_H7_2010",0.8742
"20_Hoiss_HO1_2010",0.8671
"20_Hoiss_HO5_2010",0.8816
"20_Hoiss_T4_2010",0.9035
"22_Kallnik_h1_2012",0.9968
"22_Kallnik_h2_2011",0.9957
"22_Kallnik_h3_2011",0.9929
"22_Kallnik_h4_2010",0.9477
"22_Kallnik_h4_2011",1
"22_Kallnik_h5_2011",1
"22_Kallnik_h5_2012",1
"22_Kallnik_h6_2011",1
"22_Kallnik_h7_2011",0.9827
"22_Kallnik_ho2_2011",1
"22_Kallnik_ho3_2011",0.9969
"22_Kallnik_ho3_2012",0.9951
"22_Kallnik_ho4_2010",0.9828
"22_Kallnik_ho4_2011",1
"22_Kallnik_ho4_2012",1
"22_Kallnik_ho5_2011",0.9877
"22_Kallnik_wma3_2011",0.9939
"22_Kallnik_wma3_2012",0.9762
"22_Kallnik_wma4_2011",0.9835
"22_Kallnik_wma5_2011",1
"22_Kallnik_wmb1_2012",0.9919
"22_Kallnik_wmb2_2011",0.9938
"22_Kallnik_wmb2_2012",0.9934
"22_Kallnik_wmb3_2011",0.9939
"22_Kallnik_wmb3_2012",0.9932
"22_Kallnik_wmb4_2010",0.9928
"22_Kallnik_wmb4_2011",0.992
"22_Kallnik_wmb4_2012",1
"22_Kallnik_wmb5_2010",0.9904
"22_Kallnik_wmb5_2011",0.9921
"22_Kallnik_wmb5_2012",0.995
"28_Sutter_10_2013",0.9857
"28_Sutter_11_2013",0.9566
"28_Sutter_12_2013",0.9734
"28_Sutter_13_2013",0.9888
"28_Sutter_13_2014",0.9164
"28_Sutter_14_2013",0.9688
"28_Sutter_17_2013",0.9811
"28_Sutter_19_2013",0.9777
"28_Sutter_1_2013",0.988
"28_Sutter_20_2013",0.9847
"28_Sutter_21_2013",0.9726
"28_Sutter_2_2013",0.9559
"28_Sutter_3_2013",0.9099
"28_Sutter_5_2013",0.9935
"28_Sutter_8_2013",0.9636
"28_Sutter_8_2014",0.9086
"29_Magrach_Gibraleon_2011",0.9033
"29_Magrach_Gravera_2011",0.9808
"29_Magrach_Niebla_2011",0.9066
"29_Magrach_Niebla_2012",0.9443
"29_Magrach_Villablanca_2011",0.9155
"2_Petanidou_Armolia_2015",0.9736
"2_Petanidou_Emborios_2015",0.9698
"2_Petanidou_Gridia_2015",0.9482
"2_Petanidou_Kato Fana_2015",0.9554
"2_Petanidou_Palios Katarraktis_2015",0.9298
"2_Petanidou_Vessa 2_2015",0.9656
"30_Smith_lsk48_2012",0.5035
"30_Smith_lsk57_2011",0.9298
"30_Smith_lsk73_2012",0.8881
"30_Smith_lsk74_2012",0.7768
"30_Smith_lsk77_2011",0.8294
"30_Smith_lsk77_2012",0.8424
"31_Roberts_Hunt_2013",0.963
"31_Roberts_Jefferies_2013",0.9438
"31_Roberts_Livingstone_far_2012",0.8438
"31_Roberts_Livingstone_house_2012",0.8963
"31_Roberts_Mearns_2013",0.9475
"31_Roberts_White_left_2012",0.916
"36_Larkin_Barracks.Lyan.Co.Clare_13.2017_GS1",0.8932
"36_Larkin_Glencolumbkille.South.Carron.Co.Clare_20.2017_GS1",0.9387
"37_White_An",0.9214
"37_White_Bl",0.9109
"37_White_Bn",0.9125
"37_White_CW",0.9489
"37_White_Ce",0.9148
"37_White_Cn",0.9277
"37_White_ED",0.9558
"37_White_Fs",0.9922
"37_White_JK",0.9484
"37_White_Kr",0.9783
"37_White_ND",0.9774
"37_White_NG",0.9797
"37_White_Pn",0.9508
"37_White_WD",0.9332
"38_Maurer_A1",0.9749
"38_Maurer_A2",0.9773
"38_Maurer_A3",0.9854
"38_Maurer_A4",0.978
"38_Maurer_R1",0.9574
"38_Maurer_R2",0.9343
"38_Maurer_R3",0.9238
"38_Maurer_R4",0.9518
"38_Maurer_U2",0.9383
"38_Maurer_U3",0.941
"39_Schweiger_I1_ruderal_1_2021",0.7782
"39_Schweiger_I2_semi.natural.grass_5_2021",0.7591
"39_Schweiger_I2_woodland.scrub_1_2021",0.8159
"39_Schweiger_I4_woodland.scrub_3_2021",0.775
"39_Schweiger_R1_semi.natural.grass_4_2021",0.918
"39_Schweiger_R4_semi.natural.grass_2_2021",0.8371
"40_Knight_Ghe_ari_2017",0.978
"41_Knight_1 wooded meadow_2018",0.9236
"41_Knight_2 alvar pasture_2018",0.7707
"41_Knight_3 alvar pasture_2018",0.6696
"41_Knight_4 wooded meadow_2018",0.9568
"41_Knight_5 wooded meadow_2018",0.8917
"41_Knight_6 alvar pasture_2018",0.8805
"42_Knight_M1Restored_2019",0.9479
"42_Knight_M2Natural_2019",0.9541
"42_Knight_M3Natural_2019",0.9331
"42_Knight_M4Restored_2019",0.9223
"42_Knight_M5Restored_2019",0.9487
"42_Knight_M6Natural_2019",0.8548
"42_Knight_M8Restored_2019",0.8299
"44_Knight_M11_2018",0.7182
"44_Knight_M12_2018",0.9159
"44_Knight_M13_2018",0.8988
"44_Knight_M15_2018",0.9226
"44_Knight_M16_2018",0.9463
"44_Knight_M17_2018",0.9019
"44_Knight_M18_2018",0.8654
"44_Knight_M1_2018",0.9378
"44_Knight_M3_2018",0.9111
"44_Knight_M4_2018",0.9368
"44_Knight_M6_2018",0.799
"44_Knight_M8_2018",0.8166
"45_Knight_Hermanovice_meadow_2018",0.8911
"45_Knight_HorniGrunt_meadow_2018",0.8889
"45_Knight_Mnichov_meadow_2018",0.9467
"46_Knight_Gora_Gipsowa_2018",0.9711
"47_Benadi_1",0.9492
"47_Benadi_2",0.9594
"47_Benadi_3",0.9717
"47_Benadi_4",0.9897
"47_Benadi_5",0.9648
"47_Benadi_6",0.9461
"4_Marini_UNIPD01 A_2018",0.8612
"4_Marini_UNIPD01 An_2018",0.9261
"4_Marini_UNIPD01 B_2018",0.9502
"4_Marini_UNIPD01 Bn_2018",0.8895
"4_Marini_UNIPD01 C_2018",0.9285
"4_Marini_UNIPD01 Cn_2018",0.9453
"4_Marini_UNIPD01 E_2018",0.9746
"4_Marini_UNIPD01 En_2018",0.8937
"4_Marini_UNIPD01 F_2018",0.9691
"4_Marini_UNIPD01 Fn_2018",0.9617
"4_Marini_UNIPD01 G_2018",0.9532
"4_Marini_UNIPD01 Gn_2018",0.9405
"4_Marini_UNIPD01 H_2018",0.9341
"4_Marini_UNIPD01 Hn_2018",0.9207
"4_Marini_UNIPD01 I_2018",0.955
"4_Marini_UNIPD01 In_2018",0.9401
"50_Hervias-Parejo_Cala Tirant_2021",0.9465
"50_Hervias-Parejo_Llucalari_2021",0.9488
"50_Hervias-Parejo_Sa Bassa_2021",0.9539
"50_Hervias-Parejo_Salinas_2021",0.9776
"50_Hervias-Parejo_Torre Fornells_2021",0.959
"50_Hervias-Parejo_coast Son Bou_2021",0.9569
"51_Petanidou_Pyrgos_2013",0.9784
"51_Petanidou_Sigri 3_2012",0.9061
"54_Lazaro_AloeVera_2018_2018",0.9565
"54_Lazaro_SonBaco_2018_2018",0.9094
"54_Lazaro_SonMutNou_2018_2018",0.906
"54_Lazaro_UIB_2018_2018",0.9647
"5_Marini_UNIPD02 AA_2019",0.9882
"5_Marini_UNIPD02 AB_2019",0.9246
"5_Marini_UNIPD02 AC_2019",0.9208
"5_Marini_UNIPD02 AD_2019",0.9797
"5_Marini_UNIPD02 AE_2019",0.8295
"5_Marini_UNIPD02 AF_2019",0.9612
"5_Marini_UNIPD02 AG_2019",0.9272
"5_Marini_UNIPD02 AH_2019",0.9559
"5_Marini_UNIPD02 AI_2019",1
"5_Marini_UNIPD02 AJ_2019",0.8326
"5_Marini_UNIPD02 AK_2019",0.8876
"5_Marini_UNIPD02 AL_2019",0.9333
"5_Marini_UNIPD02 AM_2019",0.9354
"5_Marini_UNIPD02 AN_2019",0.9789
"5_Marini_UNIPD02 AO_2019",0.843
"5_Marini_UNIPD02 AP_2019",0.9565
"5_Marini_UNIPD02 AQ_2019",0.9772
"5_Marini_UNIPD02 AS_2019",0.9795
"5_Marini_UNIPD02 AT_2019",0.9073
"5_Marini_UNIPD02 AV_2019",0.9513
"5_Marini_UNIPD02 A_2019",0.8579
"5_Marini_UNIPD02 B_2019",0.9375
"5_Marini_UNIPD02 C_2019",0.924
"5_Marini_UNIPD02 D_2019",0.8989
"5_Marini_UNIPD02 E_2019",0.9565
"5_Marini_UNIPD02 G_2019",0.9018
"5_Marini_UNIPD02 H_2019",0.9232
"5_Marini_UNIPD02 I_2019",0.9474
"5_Marini_UNIPD02 K_2019",0.9345
"5_Marini_UNIPD02 L_2019",0.9818
"5_Marini_UNIPD02 M_2019",0.9206
"5_Marini_UNIPD02 N_2019",0.874
"5_Marini_UNIPD02 O_2019",0.8524
"5_Marini_UNIPD02 P_2019",0.9514
"5_Marini_UNIPD02 Q_2019",0.905
"5_Marini_UNIPD02 S_2019",0.9559
"5_Marini_UNIPD02 T_2019",0.9726
"5_Marini_UNIPD02 U_2019",0.9456
"5_Marini_UNIPD02 V_2019",0.8944
"5_Marini_UNIPD02 W_2019",0.9271
"5_Marini_UNIPD02 X_2019",0.9516
"5_Marini_UNIPD02 Y_2019",0.8742
"5_Marini_UNIPD02 Z_2019",0.8754
"6_Marini_UNIPD03 CD13_2020",0.9154
"6_Marini_UNIPD03 CD14_2020",0.9506
"6_Marini_UNIPD03 CD15_2020",0.9991
"6_Marini_UNIPD03 CD16_2020",0.9739
"6_Marini_UNIPD03 CD17_2020",0.9769
"6_Marini_UNIPD03 CD20_2020",0.9977
"6_Marini_UNIPD03 CD22_2020",0.9998
"6_Marini_UNIPD03 CD23_2020",0.9811
"6_Marini_UNIPD03 CD26_2020",0.8058
"6_Marini_UNIPD03 CD27_2020",0.9742
"6_Marini_UNIPD03 CD28_2020",0.9878
"6_Marini_UNIPD03 CD29_2020",0.9815
"6_Marini_UNIPD03 CD2_2020",0.9724
"6_Marini_UNIPD03 CD34_2020",0.98
"6_Marini_UNIPD03 D11_2020",0.9745
"6_Marini_UNIPD03 D17_2020",0.9646
"6_Marini_UNIPD03 D21_2020",0.9474
"6_Marini_UNIPD03 D24_2020",0.981
"6_Marini_UNIPD03 D28_2020",0.9296
"6_Marini_UNIPD03 D29_2020",0.938
"6_Marini_UNIPD03 D34_2020",0.9971
"6_Marini_UNIPD03 D35_2020",0.755
"6_Marini_UNIPD03 D5_2020",0.9182
"6_Marini_UNIPD03 D8_2020",0.9385
"6_Marini_UNIPD03 E14_2020",0.9415
"6_Marini_UNIPD03 E19_2020",0.96
"6_Marini_UNIPD03 E25_2020",0.9739
"6_Marini_UNIPD03 E26_2020",0.9993
"6_Marini_UNIPD03 E31_2020",0.9764
"6_Marini_UNIPD03 E32_2020",0.9477
"6_Marini_UNIPD03 E33_2020",0.9257
"6_Marini_UNIPD03 E35_2020",0.9769
"6_Marini_UNIPD03 E36_2020",0.9146
"7_Scheper_Chize_10_Field_boundary_2015",0.8765
"7_Scheper_Chize_12_Field_boundary_2015",0.9137
"7_Scheper_Chize_14_Field_boundary_2015",0.8326
"7_Scheper_Chize_19_Field_boundary_2015",0.9185
"7_Scheper_Chize_1_Field_boundary_2015",0.9542
"7_Scheper_Chize_1_Grassland_2015",0.9404
"7_Scheper_Chize_25_Field_boundary_2015",0.9339
"7_Scheper_Chize_4_Field_boundary_2015",0.9216
"7_Scheper_Chize_5_Field_boundary_2015",0.8645
"7_Scheper_Chize_6_Field_boundary_2015",0.8985
