Study_Network_id,strategy,n_plants_total,total_pollinator_richness,threshold_sampling_proportion,threshold_sampling_percent,n_plants_sampled_at_threshold,captured_percent_at_threshold
11_Clough_ASK_2021_2021,Abundance,16,19,0.6500000000000001,65.00000000000001,11,94.73684210526316
11_Clough_HAM_2021_2021,Abundance,24,38,0.4,40,10,84.21052631578948
11_Clough_KOM_2021_2021,Abundance,22,23,0.6000000000000001,60.00000000000001,14,95.65217391304348
11_Clough_LOB_2021_2021,Abundance,21,19,0.6500000000000001,65.00000000000001,14,84.21052631578948
11_Clough_PET_2021_2021,Abundance,30,36,0.5,50,15,83.33333333333333
11_Clough_TAG_2021_2021,Abundance,28,35,0.6500000000000001,65.00000000000001,19,82.85714285714286
12_Ockinger_Norrang_Ryckelsby_Og,Abundance,25,21,0.6000000000000001,60.00000000000001,16,85.71428571428571
12_Ockinger_Sattra_Og,Abundance,26,11,0.6500000000000001,65.00000000000001,17,81.81818181818181
12_Ockinger_St_Tadinge,Abundance,28,18,0.7000000000000001,70,20,83.33333333333333
12_Ockinger_Tjalinge_Skogstibble,Abundance,35,18,0.7500000000000001,75.00000000000001,27,83.33333333333333
20_Hoiss_H5_2010,Abundance,25,81,0.45,45,12,83.95061728395062
20_Hoiss_H6_2010,Abundance,36,36,0.4,40,15,80.55555555555556
20_Hoiss_H7_2010,Abundance,31,38,0.5,50,16,84.21052631578948
20_Hoiss_HO1_2010,Abundance,30,52,0.6000000000000001,60.00000000000001,19,80.76923076923077
20_Hoiss_HO5_2010,Abundance,50,57,0.25,25,13,87.71929824561404
20_Hoiss_T4_2010,Abundance,32,61,0.8500000000000001,85.00000000000001,28,80.32786885245902
22_Kallnik_h1_2012,Abundance,87,11,0.15000000000000002,15.000000000000002,14,100
22_Kallnik_h2_2011,Abundance,54,11,0.05,5,3,90.9090909090909
22_Kallnik_h3_2011,Abundance,71,10,0.05,5,4,80
22_Kallnik_h4_2010,Abundance,96,10,0.35000000000000003,35,34,90
22_Kallnik_h4_2011,Abundance,85,10,0.05,5,5,80
22_Kallnik_h5_2011,Abundance,54,11,0.05,5,3,81.81818181818181
22_Kallnik_h5_2012,Abundance,78,11,0.1,10,8,100
22_Kallnik_h6_2011,Abundance,69,10,0.15000000000000002,15.000000000000002,11,90
22_Kallnik_h7_2011,Abundance,63,10,0.2,20,13,90
22_Kallnik_ho2_2011,Abundance,68,10,0.15000000000000002,15.000000000000002,11,80
22_Kallnik_ho3_2011,Abundance,49,12,0.15000000000000002,15.000000000000002,8,91.66666666666667
22_Kallnik_ho3_2012,Abundance,61,10,0.15000000000000002,15.000000000000002,10,80
22_Kallnik_ho4_2010,Abundance,76,10,0.1,10,8,90
22_Kallnik_ho4_2011,Abundance,71,13,0.05,5,4,92.3076923076923
22_Kallnik_ho4_2012,Abundance,79,12,0.1,10,8,83.33333333333333
22_Kallnik_ho5_2011,Abundance,59,12,0.25,25,15,100
22_Kallnik_wma3_2011,Abundance,53,10,0.25,25,14,100
22_Kallnik_wma3_2012,Abundance,71,10,0.3,30,22,80
22_Kallnik_wma4_2011,Abundance,50,11,0.25,25,13,81.81818181818181
22_Kallnik_wma5_2011,Abundance,55,10,0.1,10,6,80
22_Kallnik_wmb1_2012,Abundance,92,11,0.1,10,10,90.9090909090909
22_Kallnik_wmb2_2011,Abundance,89,12,0.15000000000000002,15.000000000000002,14,100
22_Kallnik_wmb2_2012,Abundance,108,11,0.15000000000000002,15.000000000000002,17,81.81818181818181
22_Kallnik_wmb3_2011,Abundance,90,10,0.05,5,5,80
22_Kallnik_wmb3_2012,Abundance,106,10,0.1,10,11,90
22_Kallnik_wmb4_2010,Abundance,84,12,0.15000000000000002,15.000000000000002,13,83.33333333333333
22_Kallnik_wmb4_2011,Abundance,78,13,0.2,20,16,84.61538461538461
22_Kallnik_wmb4_2012,Abundance,87,11,0.1,10,9,90.9090909090909
22_Kallnik_wmb5_2010,Abundance,91,11,0.05,5,5,81.81818181818181
22_Kallnik_wmb5_2011,Abundance,82,11,0.1,10,9,81.81818181818181
22_Kallnik_wmb5_2012,Abundance,90,11,0.15000000000000002,15.000000000000002,14,81.81818181818181
28_Sutter_10_2013,Abundance,44,16,0.4,40,18,81.25
28_Sutter_11_2013,Abundance,38,14,0.4,40,16,92.85714285714286
28_Sutter_12_2013,Abundance,34,12,0.4,40,14,91.66666666666667
28_Sutter_13_2013,Abundance,45,13,0.6000000000000001,60.00000000000001,28,84.61538461538461
28_Sutter_13_2014,Abundance,30,11,0.3,30,9,81.81818181818181
28_Sutter_17_2013,Abundance,47,17,0.6000000000000001,60.00000000000001,29,94.11764705882354
28_Sutter_19_2013,Abundance,35,20,0.1,10,4,80
28_Sutter_1_2013,Abundance,46,14,0.35000000000000003,35,17,85.71428571428571
28_Sutter_20_2013,Abundance,24,15,0.4,40,10,86.66666666666667
28_Sutter_21_2013,Abundance,43,16,0.9500000000000001,95,41,87.5
28_Sutter_2_2013,Abundance,29,15,0.45,45,14,86.66666666666667
28_Sutter_3_2013,Abundance,34,21,0.45,45,16,80.95238095238095
28_Sutter_5_2013,Abundance,50,23,0.25,25,13,82.6086956521739
28_Sutter_8_2013,Abundance,34,17,0.35000000000000003,35,12,82.3529411764706
28_Sutter_8_2014,Abundance,22,18,0.05,5,2,83.33333333333333
29_Magrach_Niebla_2011,Abundance,18,31,0.3,30,6,87.09677419354838
29_Magrach_Niebla_2012,Abundance,21,26,0.2,20,5,88.46153846153847
29_Magrach_Villablanca_2011,Abundance,18,22,0.35000000000000003,35,7,81.81818181818181
2_Petanidou_Armolia_2015,Abundance,37,73,0.25,25,10,86.3013698630137
2_Petanidou_Emborios_2015,Abundance,21,80,0.2,20,5,85
2_Petanidou_Gridia_2015,Abundance,38,73,0.35000000000000003,35,14,82.1917808219178
2_Petanidou_Kato Fana_2015,Abundance,14,60,0.45,45,7,81.66666666666667
2_Petanidou_Palios Katarraktis_2015,Abundance,39,73,0.5,50,20,82.1917808219178
2_Petanidou_Vessa 2_2015,Abundance,28,98,0.4,40,12,80.61224489795919
30_Smith_lsk77_2011,Abundance,22,19,0.55,55.00000000000001,13,84.21052631578948
31_Roberts_Hunt_2013,Abundance,44,12,0.2,20,9,83.33333333333333
31_Roberts_Jefferies_2013,Abundance,31,13,0.25,25,8,84.61538461538461
31_Roberts_Livingstone_far_2012,Abundance,30,12,0.6000000000000001,60.00000000000001,19,100
31_Roberts_Livingstone_house_2012,Abundance,30,14,0.45,45,14,85.71428571428571
31_Roberts_Mearns_2013,Abundance,32,19,0.1,10,4,84.21052631578948
31_Roberts_White_left_2012,Abundance,42,19,0.8,80,34,89.47368421052632
36_Larkin_Barracks.Lyan.Co.Clare_13.2017_GS1,Abundance,13,11,0.4,40,6,90.9090909090909
36_Larkin_Glencolumbkille.South.Carron.Co.Clare_20.2017_GS1,Abundance,12,13,0.35000000000000003,35,5,84.61538461538461
37_White_An,Abundance,15,23,0.55,55.00000000000001,9,86.95652173913044
37_White_Bl,Abundance,19,27,0.55,55.00000000000001,11,85.18518518518519
37_White_Bn,Abundance,20,26,0.5,50,10,80.76923076923077
37_White_CW,Abundance,26,33,0.35000000000000003,35,10,81.81818181818181
37_White_Ce,Abundance,18,20,0.45,45,9,80
37_White_Cn,Abundance,29,34,0.45,45,14,91.17647058823529
37_White_ED,Abundance,13,19,0.5,50,7,89.47368421052632
37_White_Fs,Abundance,22,21,0.3,30,7,80.95238095238095
37_White_JK,Abundance,25,24,0.7000000000000001,70,18,83.33333333333333
37_White_Kr,Abundance,29,17,0.6000000000000001,60.00000000000001,18,88.23529411764706
37_White_ND,Abundance,25,22,0.6000000000000001,60.00000000000001,16,95.45454545454545
37_White_NG,Abundance,21,25,0.35000000000000003,35,8,84
37_White_WD,Abundance,15,23,0.5,50,8,82.6086956521739
38_Maurer_A1,Abundance,47,27,0.4,40,19,85.18518518518519
38_Maurer_A2,Abundance,76,40,0.9000000000000001,90.00000000000001,69,85
38_Maurer_A3,Abundance,69,31,0.55,55.00000000000001,38,80.64516129032258
38_Maurer_A4,Abundance,58,31,0.25,25,15,80.64516129032258
38_Maurer_R1,Abundance,72,42,0.6500000000000001,65.00000000000001,47,83.33333333333333
38_Maurer_R2,Abundance,54,51,0.55,55.00000000000001,30,86.27450980392157
38_Maurer_R3,Abundance,95,48,0.6500000000000001,65.00000000000001,62,83.33333333333333
38_Maurer_R4,Abundance,66,37,0.7500000000000001,75.00000000000001,50,81.08108108108108
38_Maurer_U2,Abundance,113,64,0.55,55.00000000000001,63,81.25
38_Maurer_U3,Abundance,92,49,0.4,40,37,91.83673469387755
39_Schweiger_I1_ruderal_1_2021,Abundance,23,20,0.55,55.00000000000001,13,85
39_Schweiger_I2_semi.natural.grass_5_2021,Abundance,18,27,0.35000000000000003,35,7,81.48148148148148
39_Schweiger_I2_woodland.scrub_1_2021,Abundance,23,22,0.9000000000000001,90.00000000000001,21,81.81818181818181
39_Schweiger_I4_woodland.scrub_3_2021,Abundance,22,21,0.5,50,11,85.71428571428571
39_Schweiger_R1_semi.natural.grass_4_2021,Abundance,15,23,0.7500000000000001,75.00000000000001,12,86.95652173913044
39_Schweiger_R4_semi.natural.grass_2_2021,Abundance,11,25,0.55,55.00000000000001,7,92
40_Knight_Ghe_ari_2017,Abundance,30,129,0.4,40,12,80.62015503875969
41_Knight_1 wooded meadow_2018,Abundance,39,37,0.1,10,4,89.1891891891892
41_Knight_2 alvar pasture_2018,Abundance,32,17,0.25,25,8,82.3529411764706
41_Knight_3 alvar pasture_2018,Abundance,21,34,0.45,45,10,85.29411764705883
41_Knight_4 wooded meadow_2018,Abundance,30,23,0.05,5,2,86.95652173913044
41_Knight_5 wooded meadow_2018,Abundance,27,47,0.55,55.00000000000001,15,82.97872340425532
41_Knight_6 alvar pasture_2018,Abundance,37,23,0.6500000000000001,65.00000000000001,25,86.95652173913044
42_Knight_M1Restored_2019,Abundance,45,25,0.1,10,5,84
42_Knight_M2Natural_2019,Abundance,31,19,0.25,25,8,84.21052631578948
42_Knight_M3Natural_2019,Abundance,37,17,0.3,30,12,82.3529411764706
42_Knight_M4Restored_2019,Abundance,33,19,0.35000000000000003,35,12,84.21052631578948
42_Knight_M6Natural_2019,Abundance,47,35,0.25,25,12,80
42_Knight_M8Restored_2019,Abundance,32,15,0.45,45,15,80
44_Knight_M11_2018,Abundance,46,33,0.25,25,12,84.84848484848484
44_Knight_M12_2018,Abundance,43,55,0.45,45,20,80
44_Knight_M13_2018,Abundance,32,23,0.45,45,15,91.30434782608695
44_Knight_M15_2018,Abundance,45,58,0.25,25,12,84.48275862068965
44_Knight_M16_2018,Abundance,50,50,0.15000000000000002,15.000000000000002,8,80
44_Knight_M18_2018,Abundance,39,44,0.25,25,10,84.0909090909091
44_Knight_M1_2018,Abundance,23,37,0.4,40,10,83.78378378378379
44_Knight_M3_2018,Abundance,57,63,0.35000000000000003,35,20,80.95238095238095
44_Knight_M4_2018,Abundance,46,56,0.2,20,10,85.71428571428571
44_Knight_M6_2018,Abundance,69,33,0.6000000000000001,60.00000000000001,42,81.81818181818181
44_Knight_M8_2018,Abundance,67,41,0.4,40,27,82.92682926829268
45_Knight_Hermanovice_meadow_2018,Abundance,32,47,0.5,50,16,80.85106382978724
45_Knight_HorniGrunt_meadow_2018,Abundance,26,38,0.45,45,12,81.57894736842105
47_Benadi_1,Abundance,81,190,0.2,20,17,86.84210526315789
47_Benadi_2,Abundance,54,162,0.25,25,14,88.27160493827161
47_Benadi_3,Abundance,67,150,0.1,10,7,81.33333333333333
47_Benadi_4,Abundance,55,144,0.25,25,14,86.11111111111111
47_Benadi_5,Abundance,68,131,0.2,20,14,86.25954198473282
47_Benadi_6,Abundance,63,96,0.2,20,13,80.20833333333333
4_Marini_UNIPD01 A_2018,Abundance,23,69,0.5,50,12,82.6086956521739
4_Marini_UNIPD01 An_2018,Abundance,27,54,0.3,30,9,85.18518518518519
4_Marini_UNIPD01 B_2018,Abundance,29,58,0.2,20,6,82.75862068965517
4_Marini_UNIPD01 Bn_2018,Abundance,32,90,0.55,55.00000000000001,18,85.55555555555556
4_Marini_UNIPD01 C_2018,Abundance,37,67,0.5,50,19,82.08955223880596
4_Marini_UNIPD01 Cn_2018,Abundance,30,65,0.6000000000000001,60.00000000000001,19,83.07692307692308
4_Marini_UNIPD01 E_2018,Abundance,46,73,0.55,55.00000000000001,26,83.56164383561644
4_Marini_UNIPD01 En_2018,Abundance,40,67,0.45,45,18,83.58208955223881
4_Marini_UNIPD01 F_2018,Abundance,25,32,0.3,30,8,84.375
4_Marini_UNIPD01 Fn_2018,Abundance,29,31,0.45,45,14,83.87096774193549
4_Marini_UNIPD01 G_2018,Abundance,25,56,0.45,45,12,85.71428571428571
4_Marini_UNIPD01 Gn_2018,Abundance,28,45,0.4,40,12,82.22222222222223
4_Marini_UNIPD01 H_2018,Abundance,50,98,0.55,55.00000000000001,28,82.65306122448979
4_Marini_UNIPD01 Hn_2018,Abundance,38,82,0.6000000000000001,60.00000000000001,23,80.48780487804878
4_Marini_UNIPD01 I_2018,Abundance,33,74,0.4,40,14,82.43243243243244
4_Marini_UNIPD01 In_2018,Abundance,44,93,0.35000000000000003,35,16,81.72043010752688
50_Hervias-Parejo_Cala Tirant_2021,Abundance,18,77,0.4,40,8,84.41558441558442
50_Hervias-Parejo_Llucalari_2021,Abundance,11,62,0.7500000000000001,75.00000000000001,9,80.64516129032258
50_Hervias-Parejo_Sa Bassa_2021,Abundance,15,81,0.8500000000000001,85.00000000000001,13,82.71604938271605
50_Hervias-Parejo_Salinas_2021,Abundance,27,95,0.9000000000000001,90.00000000000001,25,85.26315789473684
50_Hervias-Parejo_Torre Fornells_2021,Abundance,21,83,0.7000000000000001,70,15,80.72289156626506
51_Petanidou_Pyrgos_2013,Abundance,39,66,0.45,45,18,80.3030303030303
51_Petanidou_Sigri 3_2012,Abundance,28,51,0.35000000000000003,35,10,84.31372549019608
54_Lazaro_AloeVera_2018_2018,Abundance,11,60,0.5,50,6,90
54_Lazaro_SonBaco_2018_2018,Abundance,14,73,0.25,25,4,86.3013698630137
54_Lazaro_SonMutNou_2018_2018,Abundance,12,69,0.35000000000000003,35,5,84.05797101449275
54_Lazaro_UIB_2018_2018,Abundance,20,72,0.8500000000000001,85.00000000000001,17,87.5
5_Marini_UNIPD02 AA_2019,Abundance,24,24,0.55,55.00000000000001,14,91.66666666666667
5_Marini_UNIPD02 AB_2019,Abundance,26,16,0.55,55.00000000000001,15,81.25
5_Marini_UNIPD02 AC_2019,Abundance,31,23,0.8500000000000001,85.00000000000001,27,86.95652173913044
5_Marini_UNIPD02 AD_2019,Abundance,20,14,0.9000000000000001,90.00000000000001,19,92.85714285714286
5_Marini_UNIPD02 AE_2019,Abundance,19,35,0.7000000000000001,70,14,80
5_Marini_UNIPD02 AF_2019,Abundance,16,24,0.55,55.00000000000001,9,83.33333333333333
5_Marini_UNIPD02 AG_2019,Abundance,25,52,0.5,50,13,80.76923076923077
5_Marini_UNIPD02 AI_2019,Abundance,21,16,0.45,45,10,81.25
5_Marini_UNIPD02 AJ_2019,Abundance,10,31,0.6000000000000001,60.00000000000001,7,93.54838709677419
5_Marini_UNIPD02 AK_2019,Abundance,10,21,0.7000000000000001,70,8,80.95238095238095
5_Marini_UNIPD02 AL_2019,Abundance,27,39,0.5,50,14,84.61538461538461
5_Marini_UNIPD02 AM_2019,Abundance,31,34,0.55,55.00000000000001,18,85.29411764705883
5_Marini_UNIPD02 AN_2019,Abundance,12,20,0.45,45,6,80
5_Marini_UNIPD02 AO_2019,Abundance,18,29,0.6500000000000001,65.00000000000001,12,86.20689655172414
5_Marini_UNIPD02 AQ_2019,Abundance,15,24,0.7000000000000001,70,11,83.33333333333333
5_Marini_UNIPD02 AS_2019,Abundance,14,22,0.4,40,6,86.36363636363636
5_Marini_UNIPD02 AT_2019,Abundance,16,26,0.35000000000000003,35,6,84.61538461538461
5_Marini_UNIPD02 AV_2019,Abundance,10,13,0.45,45,5,84.61538461538461
5_Marini_UNIPD02 A_2019,Abundance,17,35,0.5,50,9,82.85714285714286
5_Marini_UNIPD02 B_2019,Abundance,21,32,0.55,55.00000000000001,12,81.25
5_Marini_UNIPD02 C_2019,Abundance,19,35,0.25,25,5,80
5_Marini_UNIPD02 D_2019,Abundance,17,32,0.55,55.00000000000001,10,87.5
5_Marini_UNIPD02 E_2019,Abundance,12,32,0.7000000000000001,70,9,81.25
5_Marini_UNIPD02 G_2019,Abundance,19,27,0.6000000000000001,60.00000000000001,12,81.48148148148148
5_Marini_UNIPD02 H_2019,Abundance,15,21,0.55,55.00000000000001,9,80.95238095238095
5_Marini_UNIPD02 I_2019,Abundance,16,35,0.55,55.00000000000001,9,80
5_Marini_UNIPD02 K_2019,Abundance,16,31,0.45,45,8,80.64516129032258
5_Marini_UNIPD02 L_2019,Abundance,13,20,0.25,25,4,85
5_Marini_UNIPD02 M_2019,Abundance,26,35,0.3,30,8,85.71428571428571
5_Marini_UNIPD02 N_2019,Abundance,17,20,0.5,50,9,80
5_Marini_UNIPD02 O_2019,Abundance,19,31,0.55,55.00000000000001,11,83.87096774193549
5_Marini_UNIPD02 Q_2019,Abundance,18,22,0.3,30,6,86.36363636363636
5_Marini_UNIPD02 S_2019,Abundance,22,31,0.5,50,11,80.64516129032258
5_Marini_UNIPD02 T_2019,Abundance,21,18,0.4,40,9,83.33333333333333
5_Marini_UNIPD02 U_2019,Abundance,28,23,0.35000000000000003,35,10,82.6086956521739
5_Marini_UNIPD02 V_2019,Abundance,29,39,0.55,55.00000000000001,16,84.61538461538461
5_Marini_UNIPD02 W_2019,Abundance,21,36,0.6500000000000001,65.00000000000001,14,80.55555555555556
5_Marini_UNIPD02 X_2019,Abundance,27,41,0.45,45,13,82.92682926829268
5_Marini_UNIPD02 Y_2019,Abundance,20,45,0.5,50,10,82.22222222222223
5_Marini_UNIPD02 Z_2019,Abundance,15,27,0.5,50,8,81.48148148148148
6_Marini_UNIPD03 CD13_2020,Abundance,13,25,0.2,20,3,80
6_Marini_UNIPD03 CD14_2020,Abundance,18,30,0.3,30,6,83.33333333333333
6_Marini_UNIPD03 CD15_2020,Abundance,24,43,0.2,20,5,81.3953488372093
6_Marini_UNIPD03 CD16_2020,Abundance,26,52,0.4,40,11,92.3076923076923
6_Marini_UNIPD03 CD17_2020,Abundance,27,51,0.45,45,13,84.31372549019608
6_Marini_UNIPD03 CD20_2020,Abundance,17,44,0.45,45,8,84.0909090909091
6_Marini_UNIPD03 CD22_2020,Abundance,22,24,0.45,45,10,83.33333333333333
6_Marini_UNIPD03 CD23_2020,Abundance,23,39,0.45,45,11,84.61538461538461
6_Marini_UNIPD03 CD26_2020,Abundance,11,26,0.55,55.00000000000001,7,80.76923076923077
6_Marini_UNIPD03 CD27_2020,Abundance,23,34,0.35000000000000003,35,9,91.17647058823529
6_Marini_UNIPD03 CD28_2020,Abundance,27,42,0.35000000000000003,35,10,83.33333333333333
6_Marini_UNIPD03 CD29_2020,Abundance,21,35,0.3,30,7,88.57142857142857
6_Marini_UNIPD03 CD2_2020,Abundance,10,22,0.6000000000000001,60.00000000000001,7,86.36363636363636
6_Marini_UNIPD03 CD34_2020,Abundance,14,45,0.15000000000000002,15.000000000000002,3,82.22222222222223
6_Marini_UNIPD03 D11_2020,Abundance,13,28,0.2,20,3,89.28571428571429
6_Marini_UNIPD03 D17_2020,Abundance,10,26,0.35000000000000003,35,4,92.3076923076923
6_Marini_UNIPD03 D21_2020,Abundance,11,23,0.4,40,5,91.30434782608695
6_Marini_UNIPD03 D24_2020,Abundance,17,33,0.2,20,4,81.81818181818181
6_Marini_UNIPD03 D28_2020,Abundance,19,32,0.35000000000000003,35,7,81.25
6_Marini_UNIPD03 D29_2020,Abundance,15,28,0.25,25,4,82.14285714285714
6_Marini_UNIPD03 D34_2020,Abundance,13,37,0.55,55.00000000000001,8,81.08108108108108
6_Marini_UNIPD03 D35_2020,Abundance,13,24,0.5,50,7,87.5
6_Marini_UNIPD03 D5_2020,Abundance,17,30,0.4,40,7,83.33333333333333
6_Marini_UNIPD03 D8_2020,Abundance,11,18,0.4,40,5,94.44444444444444
6_Marini_UNIPD03 E14_2020,Abundance,19,34,0.7500000000000001,75.00000000000001,15,91.17647058823529
6_Marini_UNIPD03 E19_2020,Abundance,19,28,0.4,40,8,82.14285714285714
6_Marini_UNIPD03 E25_2020,Abundance,17,24,0.4,40,7,87.5
6_Marini_UNIPD03 E26_2020,Abundance,24,45,0.4,40,10,84.44444444444444
6_Marini_UNIPD03 E31_2020,Abundance,13,22,0.35000000000000003,35,5,81.81818181818181
6_Marini_UNIPD03 E32_2020,Abundance,10,20,0.7000000000000001,70,8,85
6_Marini_UNIPD03 E33_2020,Abundance,13,40,0.55,55.00000000000001,8,82.5
6_Marini_UNIPD03 E35_2020,Abundance,14,36,0.4,40,6,86.11111111111111
6_Marini_UNIPD03 E36_2020,Abundance,11,42,0.2,20,3,80.95238095238095
7_Scheper_Chize_19_Field_boundary_2015,Abundance,32,22,0.1,10,4,81.81818181818181
7_Scheper_Chize_1_Field_boundary_2015,Abundance,25,22,0.15000000000000002,15.000000000000002,4,81.81818181818181
7_Scheper_Chize_1_Grassland_2015,Abundance,14,22,0.6000000000000001,60.00000000000001,9,81.81818181818181
7_Scheper_Chize_4_Field_boundary_2015,Abundance,25,21,0.9500000000000001,95,24,80.95238095238095
7_Scheper_Chize_5_Field_boundary_2015,Abundance,32,21,0.25,25,8,80.95238095238095
7_Scheper_Chize_6_Field_boundary_2015,Abundance,31,35,0.5,50,16,85.71428571428571
11_Clough_ASK_2021_2021,Random,16,19,0.7500000000000001,75.00000000000001,13,85.36842105263158
11_Clough_HAM_2021_2021,Random,24,38,0.7500000000000001,75.00000000000001,19,83.36842105263158
11_Clough_KOM_2021_2021,Random,22,23,0.7500000000000001,75.00000000000001,17,82.95652173913044
11_Clough_LOB_2021_2021,Random,21,19,0.8,80,17,80.10526315789474
11_Clough_PET_2021_2021,Random,30,36,0.7000000000000001,70,22,80.88888888888889
11_Clough_TAG_2021_2021,Random,28,35,0.8,80,23,81.2
12_Ockinger_Norrang_Ryckelsby_Og,Random,25,21,0.7500000000000001,75.00000000000001,19,82.57142857142857
12_Ockinger_Sattra_Og,Random,26,11,0.7000000000000001,70,19,80.72727272727273
12_Ockinger_St_Tadinge,Random,28,18,0.7000000000000001,70,20,80.77777777777777
12_Ockinger_Tjalinge_Skogstibble,Random,35,18,0.8500000000000001,85.00000000000001,30,83.88888888888889
20_Hoiss_H5_2010,Random,25,81,0.8,80,20,80.12345679012346
20_Hoiss_H6_2010,Random,36,36,0.8,80,29,83.38888888888889
20_Hoiss_H7_2010,Random,31,38,0.9500000000000001,95,30,82.6842105263158
20_Hoiss_HO1_2010,Random,30,52,0.9500000000000001,95,29,81.65384615384616
20_Hoiss_HO5_2010,Random,50,57,0.8,80,40,82.17543859649123
20_Hoiss_T4_2010,Random,32,61,1,100,32,80.32786885245902
22_Kallnik_h1_2012,Random,87,11,0.55,55.00000000000001,48,81.0909090909091
22_Kallnik_h2_2011,Random,54,11,0.45,45,25,80.9090909090909
22_Kallnik_h3_2011,Random,71,10,0.4,40,29,84.2
22_Kallnik_h4_2010,Random,96,10,0.8,80,77,81.2
22_Kallnik_h4_2011,Random,85,10,0.35000000000000003,35,30,83
22_Kallnik_h5_2011,Random,54,11,0.25,25,14,84
22_Kallnik_h5_2012,Random,78,11,0.5,50,39,83.45454545454545
22_Kallnik_h6_2011,Random,69,10,0.55,55.00000000000001,38,83.8
22_Kallnik_h7_2011,Random,63,10,0.6500000000000001,65.00000000000001,41,82.6
22_Kallnik_ho2_2011,Random,68,10,0.35000000000000003,35,24,83
22_Kallnik_ho3_2011,Random,49,12,0.4,40,20,80.83333333333333
22_Kallnik_ho3_2012,Random,61,10,0.35000000000000003,35,22,80.4
22_Kallnik_ho4_2010,Random,76,10,0.5,50,38,80.4
22_Kallnik_ho4_2011,Random,71,13,0.4,40,29,83.07692307692308
22_Kallnik_ho4_2012,Random,79,12,0.4,40,32,86
22_Kallnik_ho5_2011,Random,59,12,0.5,50,30,84.33333333333333
22_Kallnik_wma3_2011,Random,53,10,0.4,40,22,80.2
22_Kallnik_wma3_2012,Random,71,10,0.7000000000000001,70,50,80.4
22_Kallnik_wma4_2011,Random,50,11,0.6000000000000001,60.00000000000001,31,80
22_Kallnik_wma5_2011,Random,55,10,0.45,45,25,84.6
22_Kallnik_wmb1_2012,Random,92,11,0.45,45,42,80.54545454545455
22_Kallnik_wmb2_2011,Random,89,12,0.4,40,36,81.66666666666667
22_Kallnik_wmb2_2012,Random,108,11,0.45,45,49,82.9090909090909
22_Kallnik_wmb3_2011,Random,90,10,0.35000000000000003,35,32,80.6
22_Kallnik_wmb3_2012,Random,106,10,0.4,40,43,80.6
22_Kallnik_wmb4_2010,Random,84,12,0.55,55.00000000000001,47,82.5
22_Kallnik_wmb4_2011,Random,78,13,0.5,50,39,80.92307692307692
22_Kallnik_wmb4_2012,Random,87,11,0.4,40,35,83.81818181818181
22_Kallnik_wmb5_2010,Random,91,11,0.4,40,37,86.36363636363636
22_Kallnik_wmb5_2011,Random,82,11,0.4,40,33,82
22_Kallnik_wmb5_2012,Random,90,11,0.5,50,45,84.72727272727272
28_Sutter_10_2013,Random,44,16,0.6500000000000001,65.00000000000001,29,82.125
28_Sutter_11_2013,Random,38,14,0.6500000000000001,65.00000000000001,25,80.57142857142857
28_Sutter_12_2013,Random,34,12,0.6500000000000001,65.00000000000001,23,81.5
28_Sutter_13_2013,Random,45,13,0.7000000000000001,70,32,82.46153846153845
28_Sutter_13_2014,Random,30,11,0.6000000000000001,60.00000000000001,19,80.72727272727272
28_Sutter_17_2013,Random,47,17,0.55,55.00000000000001,26,80
28_Sutter_19_2013,Random,35,20,0.7000000000000001,70,25,80
28_Sutter_1_2013,Random,46,14,0.6500000000000001,65.00000000000001,30,84.71428571428571
28_Sutter_20_2013,Random,24,15,0.7500000000000001,75.00000000000001,19,82.26666666666667
28_Sutter_21_2013,Random,43,16,0.9000000000000001,90.00000000000001,39,81.625
28_Sutter_2_2013,Random,29,15,0.6500000000000001,65.00000000000001,19,83.2
28_Sutter_3_2013,Random,34,21,0.9000000000000001,90.00000000000001,31,82.95238095238095
28_Sutter_5_2013,Random,50,23,0.6500000000000001,65.00000000000001,33,80.08695652173913
28_Sutter_8_2013,Random,34,17,0.7000000000000001,70,24,82.3529411764706
28_Sutter_8_2014,Random,22,18,0.7500000000000001,75.00000000000001,17,81.44444444444444
29_Magrach_Niebla_2011,Random,18,31,0.7000000000000001,70,13,81.48387096774194
29_Magrach_Niebla_2012,Random,21,26,0.7000000000000001,70,15,85.46153846153847
29_Magrach_Villablanca_2011,Random,18,22,0.8,80,15,82
2_Petanidou_Armolia_2015,Random,37,73,0.7500000000000001,75.00000000000001,28,83.26027397260273
2_Petanidou_Emborios_2015,Random,21,80,0.7000000000000001,70,15,80.95
2_Petanidou_Gridia_2015,Random,38,73,0.7500000000000001,75.00000000000001,29,80.4931506849315
2_Petanidou_Kato Fana_2015,Random,14,60,0.8,80,12,80.23333333333333
2_Petanidou_Palios Katarraktis_2015,Random,39,73,0.8,80,32,81.3972602739726
2_Petanidou_Vessa 2_2015,Random,28,98,0.7500000000000001,75.00000000000001,22,80.24489795918367
30_Smith_lsk77_2011,Random,22,19,0.8500000000000001,85.00000000000001,19,82
31_Roberts_Hunt_2013,Random,44,12,0.7500000000000001,75.00000000000001,34,89.83333333333333
31_Roberts_Jefferies_2013,Random,31,13,0.8500000000000001,85.00000000000001,27,81.6923076923077
31_Roberts_Livingstone_far_2012,Random,30,12,0.7000000000000001,70,22,83
31_Roberts_Livingstone_house_2012,Random,30,14,0.8500000000000001,85.00000000000001,26,80.71428571428571
31_Roberts_Mearns_2013,Random,32,19,0.7500000000000001,75.00000000000001,25,87.6842105263158
31_Roberts_White_left_2012,Random,42,19,0.8,80,34,80.31578947368422
36_Larkin_Barracks.Lyan.Co.Clare_13.2017_GS1,Random,13,11,0.6500000000000001,65.00000000000001,9,84.9090909090909
36_Larkin_Glencolumbkille.South.Carron.Co.Clare_20.2017_GS1,Random,12,13,0.7000000000000001,70,9,83.38461538461539
37_White_An,Random,15,23,0.7000000000000001,70,11,83.30434782608695
37_White_Bl,Random,19,27,0.8,80,16,81.7037037037037
37_White_Bn,Random,20,26,0.9000000000000001,90.00000000000001,19,85.23076923076923
37_White_CW,Random,26,33,0.7000000000000001,70,19,82.42424242424242
37_White_Ce,Random,18,20,0.7000000000000001,70,13,81.8
37_White_Cn,Random,29,34,0.7000000000000001,70,21,82.52941176470588
37_White_ED,Random,13,19,0.7000000000000001,70,10,81.05263157894737
37_White_Fs,Random,22,21,0.8,80,18,81.71428571428571
37_White_JK,Random,25,24,0.9500000000000001,95,24,81.91666666666666
37_White_Kr,Random,29,17,0.7000000000000001,70,21,83.64705882352942
37_White_ND,Random,25,22,0.6000000000000001,60.00000000000001,16,81.63636363636364
37_White_NG,Random,21,25,0.7000000000000001,70,15,81.12
37_White_WD,Random,15,23,0.9000000000000001,90.00000000000001,14,82.69565217391305
38_Maurer_A1,Random,47,27,0.7000000000000001,70,33,83.18518518518519
38_Maurer_A2,Random,76,40,0.7000000000000001,70,54,81.15
38_Maurer_A3,Random,69,31,0.7000000000000001,70,49,81.48387096774194
38_Maurer_A4,Random,58,31,0.7500000000000001,75.00000000000001,44,82.3225806451613
38_Maurer_R1,Random,72,42,0.6500000000000001,65.00000000000001,47,80.04761904761905
38_Maurer_R2,Random,54,51,0.8,80,44,84.27450980392157
38_Maurer_R3,Random,95,48,0.7500000000000001,75.00000000000001,72,80.41666666666667
38_Maurer_R4,Random,66,37,0.8,80,53,82.32432432432432
38_Maurer_U2,Random,113,64,0.7000000000000001,70,80,80.09375
38_Maurer_U3,Random,92,49,0.7500000000000001,75.00000000000001,70,85.06122448979592
39_Schweiger_I1_ruderal_1_2021,Random,23,20,0.7000000000000001,70,17,80
39_Schweiger_I2_semi.natural.grass_5_2021,Random,18,27,0.8500000000000001,85.00000000000001,16,84.51851851851852
39_Schweiger_I2_woodland.scrub_1_2021,Random,23,22,0.9000000000000001,90.00000000000001,21,86
39_Schweiger_I4_woodland.scrub_3_2021,Random,22,21,0.8,80,18,80.19047619047619
39_Schweiger_R1_semi.natural.grass_4_2021,Random,15,23,0.7000000000000001,70,11,81.21739130434783
39_Schweiger_R4_semi.natural.grass_2_2021,Random,11,25,0.7500000000000001,75.00000000000001,9,80.32
40_Knight_Ghe_ari_2017,Random,30,129,0.6500000000000001,65.00000000000001,20,81.33333333333333
41_Knight_1 wooded meadow_2018,Random,39,37,0.8,80,32,82.10810810810811
41_Knight_2 alvar pasture_2018,Random,32,17,0.7500000000000001,75.00000000000001,25,84.47058823529412
41_Knight_3 alvar pasture_2018,Random,21,34,0.7500000000000001,75.00000000000001,16,80.6470588235294
41_Knight_4 wooded meadow_2018,Random,30,23,0.7000000000000001,70,22,84.6086956521739
41_Knight_5 wooded meadow_2018,Random,27,47,0.9500000000000001,95,26,80.72340425531915
41_Knight_6 alvar pasture_2018,Random,37,23,0.9000000000000001,90.00000000000001,34,81.1304347826087
42_Knight_M1Restored_2019,Random,45,25,0.7500000000000001,75.00000000000001,34,80.16
42_Knight_M2Natural_2019,Random,31,19,0.7500000000000001,75.00000000000001,24,84.63157894736842
42_Knight_M3Natural_2019,Random,37,17,0.7500000000000001,75.00000000000001,28,80
42_Knight_M4Restored_2019,Random,33,19,0.9500000000000001,95,32,82.42105263157896
42_Knight_M6Natural_2019,Random,47,35,0.9000000000000001,90.00000000000001,43,82.8
42_Knight_M8Restored_2019,Random,32,15,0.8500000000000001,85.00000000000001,28,86.26666666666667
44_Knight_M11_2018,Random,46,33,0.9000000000000001,90.00000000000001,42,82.6060606060606
44_Knight_M12_2018,Random,43,55,0.8500000000000001,85.00000000000001,37,80.87272727272727
44_Knight_M13_2018,Random,32,23,0.7000000000000001,70,23,85.1304347826087
44_Knight_M15_2018,Random,45,58,0.8,80,36,81.37931034482759
44_Knight_M16_2018,Random,50,50,0.7500000000000001,75.00000000000001,38,83.96
44_Knight_M18_2018,Random,39,44,0.7500000000000001,75.00000000000001,30,81.72727272727273
44_Knight_M1_2018,Random,23,37,0.9500000000000001,95,22,81.2972972972973
44_Knight_M3_2018,Random,57,63,0.9500000000000001,95,55,82.85714285714286
44_Knight_M4_2018,Random,46,56,0.7500000000000001,75.00000000000001,35,83.32142857142857
44_Knight_M6_2018,Random,69,33,0.9500000000000001,95,66,80
44_Knight_M8_2018,Random,67,41,0.8,80,54,80.6829268292683
45_Knight_Hermanovice_meadow_2018,Random,32,47,0.8500000000000001,85.00000000000001,28,83.44680851063829
45_Knight_HorniGrunt_meadow_2018,Random,26,38,0.8500000000000001,85.00000000000001,23,84.84210526315789
47_Benadi_1,Random,81,190,0.7000000000000001,70,57,81.84210526315789
47_Benadi_2,Random,54,162,0.7000000000000001,70,38,84.04938271604938
47_Benadi_3,Random,67,150,0.7000000000000001,70,47,80.13333333333334
47_Benadi_4,Random,55,144,0.6500000000000001,65.00000000000001,36,80.26388888888889
47_Benadi_5,Random,68,131,0.6500000000000001,65.00000000000001,45,81.19083969465649
47_Benadi_6,Random,63,96,0.7000000000000001,70,45,83.0625
4_Marini_UNIPD01 A_2018,Random,23,69,0.7500000000000001,75.00000000000001,18,81.42028985507247
4_Marini_UNIPD01 An_2018,Random,27,54,0.6500000000000001,65.00000000000001,18,80.07407407407408
4_Marini_UNIPD01 B_2018,Random,29,58,0.8,80,24,84.82758620689656
4_Marini_UNIPD01 Bn_2018,Random,32,90,0.8500000000000001,85.00000000000001,28,80.11111111111111
4_Marini_UNIPD01 C_2018,Random,37,67,0.6500000000000001,65.00000000000001,25,80.74626865671642
4_Marini_UNIPD01 Cn_2018,Random,30,65,0.7000000000000001,70,22,82.06153846153846
4_Marini_UNIPD01 E_2018,Random,46,73,0.7000000000000001,70,33,81.94520547945206
4_Marini_UNIPD01 En_2018,Random,40,67,0.7500000000000001,75.00000000000001,31,84.26865671641791
4_Marini_UNIPD01 F_2018,Random,25,32,0.7000000000000001,70,18,80.625
4_Marini_UNIPD01 Fn_2018,Random,29,31,0.8,80,24,83.03225806451613
4_Marini_UNIPD01 G_2018,Random,25,56,0.7000000000000001,70,18,80.96428571428571
4_Marini_UNIPD01 Gn_2018,Random,28,45,0.7500000000000001,75.00000000000001,22,85.86666666666666
4_Marini_UNIPD01 H_2018,Random,50,98,0.8500000000000001,85.00000000000001,43,80.77551020408163
4_Marini_UNIPD01 Hn_2018,Random,38,82,0.8500000000000001,85.00000000000001,33,83.7560975609756
4_Marini_UNIPD01 I_2018,Random,33,74,0.7000000000000001,70,24,81.62162162162163
4_Marini_UNIPD01 In_2018,Random,44,93,0.7500000000000001,75.00000000000001,34,84.73118279569893
50_Hervias-Parejo_Cala Tirant_2021,Random,18,77,0.7000000000000001,70,13,80.05194805194805
50_Hervias-Parejo_Llucalari_2021,Random,11,62,0.7500000000000001,75.00000000000001,9,83.09677419354838
50_Hervias-Parejo_Sa Bassa_2021,Random,15,81,0.9500000000000001,95,15,82.71604938271605
50_Hervias-Parejo_Salinas_2021,Random,27,95,0.9500000000000001,95,26,83.45263157894736
50_Hervias-Parejo_Torre Fornells_2021,Random,21,83,0.8500000000000001,85.00000000000001,18,80.57831325301206
51_Petanidou_Pyrgos_2013,Random,39,66,0.7000000000000001,70,28,81.87878787878788
51_Petanidou_Sigri 3_2012,Random,28,51,0.8500000000000001,85.00000000000001,24,80.70588235294117
54_Lazaro_AloeVera_2018_2018,Random,11,60,0.8,80,9,80.86666666666667
54_Lazaro_SonBaco_2018_2018,Random,14,73,0.8,80,12,87.89041095890411
54_Lazaro_SonMutNou_2018_2018,Random,12,69,0.7000000000000001,70,9,80.46376811594203
54_Lazaro_UIB_2018_2018,Random,20,72,0.7500000000000001,75.00000000000001,16,83.33333333333333
5_Marini_UNIPD02 AA_2019,Random,24,24,0.7500000000000001,75.00000000000001,19,83.66666666666667
5_Marini_UNIPD02 AB_2019,Random,26,16,1,100,26,81.25
5_Marini_UNIPD02 AC_2019,Random,31,23,0.8,80,25,81.04347826086956
5_Marini_UNIPD02 AD_2019,Random,20,14,0.7500000000000001,75.00000000000001,16,81.28571428571428
5_Marini_UNIPD02 AE_2019,Random,19,35,0.8500000000000001,85.00000000000001,17,81.42857142857143
5_Marini_UNIPD02 AF_2019,Random,16,24,0.7000000000000001,70,12,83.91666666666667
5_Marini_UNIPD02 AG_2019,Random,25,52,0.7500000000000001,75.00000000000001,19,81.57692307692308
5_Marini_UNIPD02 AI_2019,Random,21,16,0.8,80,17,82.375
5_Marini_UNIPD02 AJ_2019,Random,10,31,0.7000000000000001,70,8,85.09677419354838
5_Marini_UNIPD02 AK_2019,Random,10,21,0.9000000000000001,90.00000000000001,10,85.71428571428571
5_Marini_UNIPD02 AL_2019,Random,27,39,0.7500000000000001,75.00000000000001,21,82.76923076923077
5_Marini_UNIPD02 AM_2019,Random,31,34,0.7500000000000001,75.00000000000001,24,81.58823529411765
5_Marini_UNIPD02 AN_2019,Random,12,20,0.7000000000000001,70,9,82.5
5_Marini_UNIPD02 AO_2019,Random,18,29,0.7500000000000001,75.00000000000001,14,81.10344827586206
5_Marini_UNIPD02 AQ_2019,Random,15,24,0.7500000000000001,75.00000000000001,12,87.83333333333333
5_Marini_UNIPD02 AS_2019,Random,14,22,0.8,80,12,86.63636363636364
5_Marini_UNIPD02 AT_2019,Random,16,26,0.7000000000000001,70,12,82.07692307692308
5_Marini_UNIPD02 AV_2019,Random,10,13,0.7000000000000001,70,8,82
5_Marini_UNIPD02 A_2019,Random,17,35,0.8,80,14,82.62857142857143
5_Marini_UNIPD02 B_2019,Random,21,32,0.8500000000000001,85.00000000000001,18,81.875
5_Marini_UNIPD02 C_2019,Random,19,35,0.6500000000000001,65.00000000000001,13,81.25714285714285
5_Marini_UNIPD02 D_2019,Random,17,32,0.6500000000000001,65.00000000000001,12,80
5_Marini_UNIPD02 E_2019,Random,12,32,0.7500000000000001,75.00000000000001,10,82.5625
5_Marini_UNIPD02 G_2019,Random,19,27,0.8500000000000001,85.00000000000001,17,81.85185185185185
5_Marini_UNIPD02 H_2019,Random,15,21,0.7500000000000001,75.00000000000001,12,88
5_Marini_UNIPD02 I_2019,Random,16,35,0.7000000000000001,70,12,83.54285714285714
5_Marini_UNIPD02 K_2019,Random,16,31,0.7500000000000001,75.00000000000001,13,81.80645161290323
5_Marini_UNIPD02 L_2019,Random,13,20,0.7000000000000001,70,10,84.7
5_Marini_UNIPD02 M_2019,Random,26,35,0.7500000000000001,75.00000000000001,20,81.77142857142857
5_Marini_UNIPD02 N_2019,Random,17,20,0.8,80,14,82.8
5_Marini_UNIPD02 O_2019,Random,19,31,0.8,80,16,81.35483870967742
5_Marini_UNIPD02 Q_2019,Random,18,22,0.7500000000000001,75.00000000000001,14,83.27272727272727
5_Marini_UNIPD02 S_2019,Random,22,31,0.7000000000000001,70,16,80.51612903225806
5_Marini_UNIPD02 T_2019,Random,21,18,0.7000000000000001,70,15,83
5_Marini_UNIPD02 U_2019,Random,28,23,0.7500000000000001,75.00000000000001,22,84.34782608695652
5_Marini_UNIPD02 V_2019,Random,29,39,0.8,80,24,83.07692307692308
5_Marini_UNIPD02 W_2019,Random,21,36,0.8500000000000001,85.00000000000001,18,80
5_Marini_UNIPD02 X_2019,Random,27,41,0.8500000000000001,85.00000000000001,23,80.6829268292683
5_Marini_UNIPD02 Y_2019,Random,20,45,0.7500000000000001,75.00000000000001,16,83.55555555555556
5_Marini_UNIPD02 Z_2019,Random,15,27,0.8,80,12,83.11111111111111
6_Marini_UNIPD03 CD13_2020,Random,13,25,0.7000000000000001,70,10,85.76
6_Marini_UNIPD03 CD14_2020,Random,18,30,0.6500000000000001,65.00000000000001,12,80.6
6_Marini_UNIPD03 CD15_2020,Random,24,43,0.7000000000000001,70,17,82.88372093023256
6_Marini_UNIPD03 CD16_2020,Random,26,52,0.6500000000000001,65.00000000000001,17,82.23076923076923
6_Marini_UNIPD03 CD17_2020,Random,27,51,0.6500000000000001,65.00000000000001,18,81.05882352941177
6_Marini_UNIPD03 CD20_2020,Random,17,44,0.6500000000000001,65.00000000000001,12,81.9090909090909
6_Marini_UNIPD03 CD22_2020,Random,22,24,0.55,55.00000000000001,13,80.16666666666667
6_Marini_UNIPD03 CD23_2020,Random,23,39,0.6500000000000001,65.00000000000001,15,81.33333333333333
6_Marini_UNIPD03 CD26_2020,Random,11,26,0.9500000000000001,95,11,84.61538461538461
6_Marini_UNIPD03 CD27_2020,Random,23,34,0.6500000000000001,65.00000000000001,15,84.23529411764706
6_Marini_UNIPD03 CD28_2020,Random,27,42,0.7000000000000001,70,19,80.57142857142857
6_Marini_UNIPD03 CD29_2020,Random,21,35,0.6500000000000001,65.00000000000001,14,83.31428571428572
6_Marini_UNIPD03 CD2_2020,Random,10,22,0.6000000000000001,60.00000000000001,7,83.45454545454545
6_Marini_UNIPD03 CD34_2020,Random,14,45,0.6500000000000001,65.00000000000001,10,81.77777777777777
6_Marini_UNIPD03 D11_2020,Random,13,28,0.6500000000000001,65.00000000000001,9,83.21428571428571
6_Marini_UNIPD03 D17_2020,Random,10,26,0.7000000000000001,70,8,83.53846153846155
6_Marini_UNIPD03 D21_2020,Random,11,23,0.6500000000000001,65.00000000000001,8,83.30434782608695
6_Marini_UNIPD03 D24_2020,Random,17,33,0.6000000000000001,60.00000000000001,11,80.18181818181819
6_Marini_UNIPD03 D28_2020,Random,19,32,0.7500000000000001,75.00000000000001,15,85
6_Marini_UNIPD03 D29_2020,Random,15,28,0.6000000000000001,60.00000000000001,10,80.14285714285714
6_Marini_UNIPD03 D34_2020,Random,13,37,0.6500000000000001,65.00000000000001,9,80.70270270270271
6_Marini_UNIPD03 D35_2020,Random,13,24,0.7000000000000001,70,10,82.41666666666667
6_Marini_UNIPD03 D5_2020,Random,17,30,0.6500000000000001,65.00000000000001,12,83.26666666666667
6_Marini_UNIPD03 D8_2020,Random,11,18,0.7000000000000001,70,8,82.11111111111111
6_Marini_UNIPD03 E14_2020,Random,19,34,0.6500000000000001,65.00000000000001,13,80.05882352941177
6_Marini_UNIPD03 E19_2020,Random,19,28,0.6500000000000001,65.00000000000001,13,82.71428571428571
6_Marini_UNIPD03 E25_2020,Random,17,24,0.6500000000000001,65.00000000000001,12,83.5
6_Marini_UNIPD03 E26_2020,Random,24,45,0.55,55.00000000000001,14,84.53333333333333
6_Marini_UNIPD03 E31_2020,Random,13,22,0.55,55.00000000000001,8,80.45454545454545
6_Marini_UNIPD03 E32_2020,Random,10,20,0.7000000000000001,70,8,81.5
6_Marini_UNIPD03 E33_2020,Random,13,40,0.7500000000000001,75.00000000000001,10,84.5
6_Marini_UNIPD03 E35_2020,Random,14,36,0.7000000000000001,70,10,81.72222222222223
6_Marini_UNIPD03 E36_2020,Random,11,42,0.6500000000000001,65.00000000000001,8,84.14285714285714
7_Scheper_Chize_19_Field_boundary_2015,Random,32,22,0.7500000000000001,75.00000000000001,25,80
7_Scheper_Chize_1_Field_boundary_2015,Random,25,22,0.9000000000000001,90.00000000000001,23,82.54545454545455
7_Scheper_Chize_1_Grassland_2015,Random,14,22,0.9500000000000001,95,14,81.81818181818181
7_Scheper_Chize_4_Field_boundary_2015,Random,25,21,1,100,25,80.95238095238095
7_Scheper_Chize_5_Field_boundary_2015,Random,32,21,1,100,32,80.95238095238095
7_Scheper_Chize_6_Field_boundary_2015,Random,31,35,0.9000000000000001,90.00000000000001,28,80.8
